P,P,C,1B,2B,3B,SS,OF,OF,OF,,Instructions
,,,,,,,,,,,1. Locate the player you want to select in the list below 
,,,,,,,,,,,2. Copy the ID of your player (you can use the Name + ID column or the ID column) 
,,,,,,,,,,,3. Paste the ID into the roster position desired 
,,,,,,,,,,,4. You must include an ID for each player; you cannot use just the player's name 
,,,,,,,,,,,5. You can create up to 500 lineups per file 
 
,,,,,,,,,,,Position,Name + ID,Name,ID,Roster Position,Salary,Game Info,TeamAbbrev,AvgPointsPerGame
,,,,,,,,,,,SP,Cristopher Sanchez (44213405),Cristopher Sanchez,44213405,P,11100,PHI@NYM 09/20/2026 01:10PM ET,PHI,21.52
,,,,,,,,,,,SP,Dylan Cease (44213922),Dylan Cease,44213922,P,10800,TOR@TEX 09/20/2026 02:35PM ET,TOR,24.27
,,,,,,,,,,,SP,Jesus Luzardo (44213923),Jesus Luzardo,44213923,P,10500,PHI@NYM 09/20/2026 01:10PM ET,PHI,22.85
,,,,,,,,,,,SP,Gavin Williams (44213406),Gavin Williams,44213406,P,10400,ATH@CLE 09/20/2026 01:40PM ET,CLE,21.64
,,,,,,,,,,,SP,Chris Sale (44213924),Chris Sale,44213924,P,10200,ATL@HOU 09/20/2026 02:10PM ET,ATL,23.70
,,,,,,,,,,,SP,Payton Tolle (44213407),Payton Tolle,44213407,P,10100,BOS@TB 09/20/2026 01:40PM ET,BOS,19.77
,,,,,,,,,,,SP,Parker Messick (44213925),Parker Messick,44213925,P,10100,ATH@CLE 09/20/2026 01:40PM ET,CLE,20.20
,,,,,,,,,,,SP,Drew Rasmussen (44213926),Drew Rasmussen,44213926,P,9800,BOS@TB 09/20/2026 01:40PM ET,TB,19.4
,,,,,,,,,,,SP,Jacob deGrom (44213408),Jacob deGrom,44213408,P,9600,TOR@TEX 09/20/2026 02:35PM ET,TEX,18.95
,,,,,,,,,,,SP,Hunter Brown (44213409),Hunter Brown,44213409,P,9500,ATL@HOU 09/20/2026 02:10PM ET,HOU,17.27
,,,,,,,,,,,SP,Zack Wheeler (44213927),Zack Wheeler,44213927,P,9500,PHI@NYM 09/20/2026 01:10PM ET,PHI,21.02
,,,,,,,,,,,SP,Garrett Crochet (44213928),Garrett Crochet,44213928,P,9400,BOS@TB 09/20/2026 01:40PM ET,BOS,13.78
,,,,,,,,,,,SP,Sonny Gray (44213929),Sonny Gray,44213929,P,9300,BOS@TB 09/20/2026 01:40PM ET,BOS,18.16
,,,,,,,,,,,RP,Ian Seymour (44213931),Ian Seymour,44213931,P,9200,BOS@TB 09/20/2026 01:40PM ET,TB,9.25
,,,,,,,,,,,SP,Nolan McLean (44213930),Nolan McLean,44213930,P,9200,PHI@NYM 09/20/2026 01:10PM ET,NYM,18.53
,,,,,,,,,,,SP,Michael Wacha (44213410),Michael Wacha,44213410,P,9000,KC@PIT 09/20/2026 01:35PM ET,KC,16.34
,,,,,,,,,,,SP,Cade Cavalli (44213932),Cade Cavalli,44213932,P,9000,WSH@STL 09/20/2026 02:15PM ET,WSH,18.52
,,,,,,,,,,,SP,Shota Imanaga (44213933),Shota Imanaga,44213933,P,8800,CHC@CIN 09/20/2026 01:40PM ET,CHC,16.38
,,,,,,,,,,,RP,Braxton Ashcraft (44213934),Braxton Ashcraft,44213934,P,8800,KC@PIT 09/20/2026 01:35PM ET,PIT,18.85
,,,,,,,,,,,SP,Troy Melton (44213411),Troy Melton,44213411,P,8700,DET@CWS 09/20/2026 02:10PM ET,DET,17.10
,,,,,,,,,,,SP,Foster Griffin (44213936),Foster Griffin,44213936,P,8700,ATH@CLE 09/20/2026 01:40PM ET,CLE,15.85
,,,,,,,,,,,SP,Noah Cameron (44213935),Noah Cameron,44213935,P,8700,KC@PIT 09/20/2026 01:35PM ET,KC,15.38
,,,,,,,,,,,SP,Cole Ragans (44213937),Cole Ragans,44213937,P,8700,KC@PIT 09/20/2026 01:35PM ET,KC,13.19
,,,,,,,,,,,RP,Ben Brown (44213938),Ben Brown,44213938,P,8600,CHC@CIN 09/20/2026 01:40PM ET,CHC,11.57
,,,,,,,,,,,SP,Shane McClanahan (44213940),Shane McClanahan,44213940,P,8600,BOS@TB 09/20/2026 01:40PM ET,TB,14.50
,,,,,,,,,,,SP,Paul Skenes (44213939),Paul Skenes,44213939,P,8600,KC@PIT 09/20/2026 01:35PM ET,PIT,17.04
,,,,,,,,,,,SP,Kevin Gausman (44213942),Kevin Gausman,44213942,P,8500,CHC@CIN 09/20/2026 01:40PM ET,CHC,15.11
,,,,,,,,,,,SP,Hunter Greene (44213943),Hunter Greene,44213943,P,8500,CHC@CIN 09/20/2026 01:40PM ET,CIN,14.29
,,,,,,,,,,,SP,Spencer Schwellenbach (44213941),Spencer Schwellenbach,44213941,P,8500,ATL@HOU 09/20/2026 02:10PM ET,ATL,0
,,,,,,,,,,,RP,Cal Quantrill (44213945),Cal Quantrill,44213945,P,8400,TOR@TEX 09/20/2026 02:35PM ET,TEX,9.48
,,,,,,,,,,,SP,Nathan Eovaldi (44213949),Nathan Eovaldi,44213949,P,8400,TOR@TEX 09/20/2026 02:35PM ET,TEX,16.30
,,,,,,,,,,,RP,Nick Martinez (44213944),Nick Martinez,44213944,P,8400,BOS@TB 09/20/2026 01:40PM ET,TB,14.70
,,,,,,,,,,,RP,Joe Boyle (44213946),Joe Boyle,44213946,P,8400,BOS@TB 09/20/2026 01:40PM ET,TB,12.39
,,,,,,,,,,,SP,Ranger Suarez (44213948),Ranger Suarez,44213948,P,8400,BOS@TB 09/20/2026 01:40PM ET,BOS,15.3
,,,,,,,,,,,SP,Peter Lambert (44213947),Peter Lambert,44213947,P,8400,ATL@HOU 09/20/2026 02:10PM ET,HOU,15.69
,,,,,,,,,,,SP,Jake Bennett (44213951),Jake Bennett,44213951,P,8300,BOS@TB 09/20/2026 01:40PM ET,BOS,15.60
,,,,,,,,,,,SP,Tanner Bibee (44213950),Tanner Bibee,44213950,P,8300,ATH@CLE 09/20/2026 01:40PM ET,CLE,12.65
,,,,,,,,,,,RP,Spencer Strider (44213952),Spencer Strider,44213952,P,8300,ATL@HOU 09/20/2026 02:10PM ET,ATL,14.67
,,,,,,,,,,,SP,Jose Soriano (44213954),Jose Soriano,44213954,P,8200,TOR@TEX 09/20/2026 02:35PM ET,TOR,15.83
,,,,,,,,,,,SP,Quinn Mathews (44213412),Quinn Mathews,44213412,P,8200,WSH@STL 09/20/2026 02:15PM ET,STL,14.6
,,,,,,,,,,,SP,Sean Manaea (44213953),Sean Manaea,44213953,P,8200,PHI@NYM 09/20/2026 01:10PM ET,NYM,10.49
,,,,,,,,,,,SP,Trey Yesavage (44213958),Trey Yesavage,44213958,P,8100,TOR@TEX 09/20/2026 02:35PM ET,TOR,15.08
,,,,,,,,,,,SP,Matthew Boyd (44213956),Matthew Boyd,44213956,P,8100,CHC@CIN 09/20/2026 01:40PM ET,CHC,13.88
,,,,,,,,,,,SP,Logan Gilbert (44213957),Logan Gilbert,44213957,P,8100,SEA@COL 09/20/2026 03:10PM ET,SEA,19.10
,,,,,,,,,,,RP,Hayden Wesneski (44213955),Hayden Wesneski,44213955,P,8100,ATL@HOU 09/20/2026 02:10PM ET,HOU,14.31
,,,,,,,,,,,RP,Griffin Jax (44213413),Griffin Jax,44213413,P,8000,BOS@TB 09/20/2026 01:40PM ET,TB,10.14
,,,,,,,,,,,SP,Slade Cecconi (44213960),Slade Cecconi,44213960,P,8000,ATH@CLE 09/20/2026 01:40PM ET,CLE,9.27
,,,,,,,,,,,SP,George Kirby (44213962),George Kirby,44213962,P,8000,SEA@COL 09/20/2026 03:10PM ET,SEA,13.91
,,,,,,,,,,,SP,Connelly Early (44213961),Connelly Early,44213961,P,8000,WSH@STL 09/20/2026 02:15PM ET,WSH,16.23
,,,,,,,,,,,SP,Tylor Megill (44213959),Tylor Megill,44213959,P,8000,PHI@NYM 09/20/2026 01:10PM ET,NYM,0
,,,,,,,,,,,SP,Reese Olson (44213964),Reese Olson,44213964,P,7900,DET@CWS 09/20/2026 02:10PM ET,DET,0
,,,,,,,,,,,SP,River Ryan (44213965),River Ryan,44213965,P,7900,DET@CWS 09/20/2026 02:10PM ET,DET,0
,,,,,,,,,,,RP,Joey Cantillo (44213966),Joey Cantillo,44213966,P,7900,ATH@CLE 09/20/2026 01:40PM ET,CLE,14.18
,,,,,,,,,,,SP,Bryan Woo (44213963),Bryan Woo,44213963,P,7900,SEA@COL 09/20/2026 03:10PM ET,SEA,17.26
,,,,,,,,,,,SP,Aaron Nola (44213967),Aaron Nola,44213967,P,7900,PHI@NYM 09/20/2026 01:10PM ET,PHI,14.17
,,,,,,,,,,,SP,Keider Montero (44213969),Keider Montero,44213969,P,7800,DET@CWS 09/20/2026 02:10PM ET,DET,11.66
,,,,,,,,,,,SP,Zac Thornton (44213968),Zac Thornton,44213968,P,7800,PHI@NYM 09/20/2026 01:10PM ET,NYM,14.29
,,,,,,,,,,,SP,Cody Ponce (44213974),Cody Ponce,44213974,P,7700,TOR@TEX 09/20/2026 02:35PM ET,TOR,8.05
,,,,,,,,,,,SP,MacKenzie Gore (44213977),MacKenzie Gore,44213977,P,7700,TOR@TEX 09/20/2026 02:35PM ET,TEX,13.71
,,,,,,,,,,,SP,Justin Steele (44213972),Justin Steele,44213972,P,7700,CHC@CIN 09/20/2026 01:40PM ET,CHC,0
,,,,,,,,,,,RP,Clay Holmes (44213975),Clay Holmes,44213975,P,7700,CHC@CIN 09/20/2026 01:40PM ET,CHC,14.90
,,,,,,,,,,,SP,Chase Burns (44213976),Chase Burns,44213976,P,7700,CHC@CIN 09/20/2026 01:40PM ET,CIN,19.68
,,,,,,,,,,,SP,Edward Cabrera (44213978),Edward Cabrera,44213978,P,7700,CHC@CIN 09/20/2026 01:40PM ET,CHC,10.45
,,,,,,,,,,,SP,Javier Assad (44213979),Javier Assad,44213979,P,7700,CHC@CIN 09/20/2026 01:40PM ET,CHC,8.09
,,,,,,,,,,,SP,Ronel Blanco (44213970),Ronel Blanco,44213970,P,7700,ATL@HOU 09/20/2026 02:10PM ET,HOU,6.52
,,,,,,,,,,,SP,Tatsuya Imai (44213971),Tatsuya Imai,44213971,P,7700,ATL@HOU 09/20/2026 02:10PM ET,HOU,10.57
,,,,,,,,,,,SP,Brandon Walter (44213973),Brandon Walter,44213973,P,7700,ATL@HOU 09/20/2026 02:10PM ET,HOU,0
,,,,,,,,,,,SP,Tyler Wells (44213984),Tyler Wells,44213984,P,7600,BOS@TB 09/20/2026 01:40PM ET,TB,4.35
,,,,,,,,,,,SP,Sean Burke (44213981),Sean Burke,44213981,P,7600,DET@CWS 09/20/2026 02:10PM ET,CWS,16.77
,,,,,,,,,,,SP,Tyler Mahle (44213986),Tyler Mahle,44213986,P,7600,ATL@HOU 09/20/2026 02:10PM ET,ATL,14.95
,,,,,,,,,,,RP,Andre Pallante (44213980),Andre Pallante,44213980,P,7600,WSH@STL 09/20/2026 02:15PM ET,STL,13.02
,,,,,,,,,,,RP,Kyle Leahy (44213982),Kyle Leahy,44213982,P,7600,WSH@STL 09/20/2026 02:15PM ET,STL,13.19
,,,,,,,,,,,SP,Hunter Dobbins (44213983),Hunter Dobbins,44213983,P,7600,WSH@STL 09/20/2026 02:15PM ET,STL,13.5
,,,,,,,,,,,SP,Jonah Tong (44213414),Jonah Tong,44213414,P,7600,PHI@NYM 09/20/2026 01:10PM ET,NYM,12.73
,,,,,,,,,,,SP,Nestor Cortes (44213985),Nestor Cortes,44213985,P,7600,PHI@NYM 09/20/2026 01:10PM ET,PHI,0
,,,,,,,,,,,SP,Cade Horton (44213987),Cade Horton,44213987,P,7500,CHC@CIN 09/20/2026 01:40PM ET,CHC,10.45
,,,,,,,,,,,SP,Freddy Peralta (44213988),Freddy Peralta,44213988,P,7500,BOS@TB 09/20/2026 01:40PM ET,TB,13.28
,,,,,,,,,,,SP,Ryan Pepiot (44213990),Ryan Pepiot,44213990,P,7500,BOS@TB 09/20/2026 01:40PM ET,TB,0
,,,,,,,,,,,SP,Christian Scott (44213989),Christian Scott,44213989,P,7500,PHI@NYM 09/20/2026 01:10PM ET,NYM,15.14
,,,,,,,,,,,SP,Bryce Elder (44213991),Bryce Elder,44213991,P,7400,ATL@HOU 09/20/2026 02:10PM ET,ATL,13.77
,,,,,,,,,,,SP,Jose Berrios (44213992),Jose Berrios,44213992,P,7300,TOR@TEX 09/20/2026 02:35PM ET,TOR,0
,,,,,,,,,,,SP,Spencer Arrighetti (44213993),Spencer Arrighetti,44213993,P,7300,TOR@TEX 09/20/2026 02:35PM ET,TOR,11.62
,,,,,,,,,,,SP,Max Scherzer (44213994),Max Scherzer,44213994,P,7300,TOR@TEX 09/20/2026 02:35PM ET,TOR,7.81
,,,,,,,,,,,RP,Matthew Liberatore (44213995),Matthew Liberatore,44213995,P,7200,WSH@STL 09/20/2026 02:15PM ET,STL,11.26
,,,,,,,,,,,SP,Shane Bieber (44213996),Shane Bieber,44213996,P,7100,TOR@TEX 09/20/2026 02:35PM ET,TOR,11.75
,,,,,,,,,,,SP,Patrick Sandoval (44213997),Patrick Sandoval,44213997,P,7100,BOS@TB 09/20/2026 01:40PM ET,BOS,10.95
,,,,,,,,,,,SP,Tanner Houck (44213998),Tanner Houck,44213998,P,7100,BOS@TB 09/20/2026 01:40PM ET,BOS,0
,,,,,,,,,,,SP,Kutter Crawford (44213999),Kutter Crawford,44213999,P,7100,BOS@TB 09/20/2026 01:40PM ET,BOS,0
,,,,,,,,,,,SP,Brayan Bello (44214000),Brayan Bello,44214000,P,7100,BOS@TB 09/20/2026 01:40PM ET,BOS,9.93
,,,,,,,,,,,RP,Framber Valdez (44214003),Framber Valdez,44214003,P,7100,DET@CWS 09/20/2026 02:10PM ET,DET,12.66
,,,,,,,,,,,SP,Cristian Javier (44214001),Cristian Javier,44214001,P,7100,ATL@HOU 09/20/2026 02:10PM ET,HOU,8.29
,,,,,,,,,,,SP,Bubba Chandler (44214002),Bubba Chandler,44214002,P,7100,KC@PIT 09/20/2026 01:35PM ET,PIT,12.38
,,,,,,,,,,,SP,Connor Phillips (44214005),Connor Phillips,44214005,P,7000,CHC@CIN 09/20/2026 01:40PM ET,CIN,2.28
,,,,,,,,,,,SP,Brady Singer (44214012),Brady Singer,44214012,P,7000,CHC@CIN 09/20/2026 01:40PM ET,CIN,9.38
,,,,,,,,,,,SP,Jack Flaherty (44214007),Jack Flaherty,44214007,P,7000,DET@CWS 09/20/2026 02:10PM ET,DET,12.89
,,,,,,,,,,,SP,Andrew Sears (44214008),Andrew Sears,44214008,P,7000,DET@CWS 09/20/2026 02:10PM ET,DET,5.4
,,,,,,,,,,,SP,Justin Verlander (44214009),Justin Verlander,44214009,P,7000,DET@CWS 09/20/2026 02:10PM ET,DET,-4.55
,,,,,,,,,,,RP,Drew Anderson (44214010),Drew Anderson,44214010,P,7000,DET@CWS 09/20/2026 02:10PM ET,DET,6.32
,,,,,,,,,,,SP,Jackson Jobe (44214013),Jackson Jobe,44214013,P,7000,DET@CWS 09/20/2026 02:10PM ET,DET,14.71
,,,,,,,,,,,RP,J.T. Ginn (44214006),J.T. Ginn,44214006,P,7000,ATH@CLE 09/20/2026 01:40PM ET,ATH,13.60
,,,,,,,,,,,SP,Jared Jones (44214004),Jared Jones,44214004,P,7000,KC@PIT 09/20/2026 01:35PM ET,PIT,15.16
,,,,,,,,,,,RP,Gordon Graceffo (44214011),Gordon Graceffo,44214011,P,7000,WSH@STL 09/20/2026 02:15PM ET,STL,3.77
,,,,,,,,,,,RP,Colin Rea (44214017),Colin Rea,44214017,P,6900,CHC@CIN 09/20/2026 01:40PM ET,CHC,9.24
,,,,,,,,,,,RP,Aaron Civale (44214018),Aaron Civale,44214018,P,6900,CHC@CIN 09/20/2026 01:40PM ET,CHC,7.65
,,,,,,,,,,,RP,Jacob Lopez (44214016),Jacob Lopez,44214016,P,6900,ATH@CLE 09/20/2026 01:40PM ET,ATH,9.45
,,,,,,,,,,,SP,Kade Anderson (44213415),Kade Anderson,44213415,P,6900,SEA@COL 09/20/2026 03:10PM ET,SEA,10.28
,,,,,,,,,,,RP,Kai-Wei Teng (44214014),Kai-Wei Teng,44214014,P,6900,ATL@HOU 09/20/2026 02:10PM ET,HOU,6.16
,,,,,,,,,,,RP,AJ Blubaugh (44214015),AJ Blubaugh,44214015,P,6900,ATL@HOU 09/20/2026 02:10PM ET,HOU,4.34
,,,,,,,,,,,SP,Andrew Abbott (44214021),Andrew Abbott,44214021,P,6800,CHC@CIN 09/20/2026 01:40PM ET,CIN,10.58
,,,,,,,,,,,SP,Chase Petty (44214028),Chase Petty,44214028,P,6800,CHC@CIN 09/20/2026 01:40PM ET,CIN,2.68
,,,,,,,,,,,SP,Steven Matz (44214023),Steven Matz,44214023,P,6800,BOS@TB 09/20/2026 01:40PM ET,TB,4.73
,,,,,,,,,,,RP,Cole Sulser (44214024),Cole Sulser,44214024,P,6800,BOS@TB 09/20/2026 01:40PM ET,TB,2.91
,,,,,,,,,,,RP,Jesse Scholtens (44214025),Jesse Scholtens,44214025,P,6800,BOS@TB 09/20/2026 01:40PM ET,TB,10.12
,,,,,,,,,,,SP,Mike Burrows (44214026),Mike Burrows,44214026,P,6800,ATL@HOU 09/20/2026 02:10PM ET,HOU,9.02
,,,,,,,,,,,RP,Jason Alexander (44214027),Jason Alexander,44214027,P,6800,ATL@HOU 09/20/2026 02:10PM ET,HOU,4.31
,,,,,,,,,,,SP,Ethan Pecko (44214029),Ethan Pecko,44214029,P,6800,ATL@HOU 09/20/2026 02:10PM ET,HOU,10.35
,,,,,,,,,,,RP,Alimber Santa (44214030),Alimber Santa,44214030,P,6800,ATL@HOU 09/20/2026 02:10PM ET,HOU,4.01
,,,,,,,,,,,RP,Ryan Bergert (44214019),Ryan Bergert,44214019,P,6800,KC@PIT 09/20/2026 01:35PM ET,KC,0
,,,,,,,,,,,RP,Luinder Avila (44214020),Luinder Avila,44214020,P,6800,KC@PIT 09/20/2026 01:35PM ET,KC,6.98
,,,,,,,,,,,SP,Mitch Keller (44214022),Mitch Keller,44214022,P,6800,KC@PIT 09/20/2026 01:35PM ET,PIT,10.28
,,,,,,,,,,,RP,Jacob Latz (44214033),Jacob Latz,44214033,P,6700,TOR@TEX 09/20/2026 02:35PM ET,TEX,4.69
,,,,,,,,,,,SP,Jack Leiter (44214034),Jack Leiter,44214034,P,6700,TOR@TEX 09/20/2026 02:35PM ET,TEX,12.71
,,,,,,,,,,,SP,Kumar Rocker (44214038),Kumar Rocker,44214038,P,6700,TOR@TEX 09/20/2026 02:35PM ET,TEX,11.85
,,,,,,,,,,,SP,David Peterson (44213416),David Peterson,44213416,P,6700,CHC@CIN 09/20/2026 01:40PM ET,CHC,10.09
,,,,,,,,,,,OF,Pete Crow-Armstrong (44213425),Pete Crow-Armstrong,44213425,OF,6700,CHC@CIN 09/20/2026 01:40PM ET,CHC,11.03
,,,,,,,,,,,RP,Mason Englert (44214040),Mason Englert,44214040,P,6700,BOS@TB 09/20/2026 01:40PM ET,TB,5.55
,,,,,,,,,,,SP,Miguel Ullola (44214032),Miguel Ullola,44214032,P,6700,ATL@HOU 09/20/2026 02:10PM ET,HOU,3.73
,,,,,,,,,,,RP,AJ Smith-Shawver (44214039),AJ Smith-Shawver,44214039,P,6700,ATL@HOU 09/20/2026 02:10PM ET,ATL,5.15
,,,,,,,,,,,SP,Tony Gonsolin (44214031),Tony Gonsolin,44214031,P,6700,KC@PIT 09/20/2026 01:35PM ET,KC,0
,,,,,,,,,,,RP,Randy Dobnak (44214035),Randy Dobnak,44214035,P,6700,KC@PIT 09/20/2026 01:35PM ET,KC,11.59
,,,,,,,,,,,RP,Seth Lugo (44214036),Seth Lugo,44214036,P,6700,KC@PIT 09/20/2026 01:35PM ET,KC,10.58
,,,,,,,,,,,RP,Stephen Kolek (44214037),Stephen Kolek,44214037,P,6700,KC@PIT 09/20/2026 01:35PM ET,KC,11.51
,,,,,,,,,,,OF,Oneil Cruz (44213426),Oneil Cruz,44213426,OF,6600,KC@PIT 09/20/2026 01:35PM ET,PIT,10.34
,,,,,,,,,,,RP,Andrew Alvarez (44214041),Andrew Alvarez,44214041,P,6600,WSH@STL 09/20/2026 02:15PM ET,WSH,12.76
,,,,,,,,,,,SP,Patrick Corbin (44214045),Patrick Corbin,44214045,P,6500,TOR@TEX 09/20/2026 02:35PM ET,TOR,7.50
,,,,,,,,,,,RP,David Sandlin (44214047),David Sandlin,44214047,P,6500,DET@CWS 09/20/2026 02:10PM ET,CWS,10.89
,,,,,,,,,,,SP,JR Ritchie (44214042),JR Ritchie,44214042,P,6500,ATL@HOU 09/20/2026 02:10PM ET,ATL,8.64
,,,,,,,,,,,RP,Reynaldo Lopez (44214043),Reynaldo Lopez,44214043,P,6500,ATL@HOU 09/20/2026 02:10PM ET,ATL,7.36
,,,,,,,,,,,SP,Hurston Waldrep (44214044),Hurston Waldrep,44214044,P,6500,ATL@HOU 09/20/2026 02:10PM ET,ATL,2.33
,,,,,,,,,,,SP,Andrew Painter (44214046),Andrew Painter,44214046,P,6500,PHI@NYM 09/20/2026 01:10PM ET,PHI,10.10
,,,,,,,,,,,SP,Jameson Taillon (44214048),Jameson Taillon,44214048,P,6400,TOR@TEX 09/20/2026 02:35PM ET,TOR,9.67
,,,,,,,,,,,3B,Junior Caminero (44213427),Junior Caminero,44213427,3B,6400,BOS@TB 09/20/2026 01:40PM ET,TB,9.03
,,,,,,,,,,,SP,Luis Castillo (44214049),Luis Castillo,44214049,P,6400,DET@CWS 09/20/2026 02:10PM ET,CWS,9.14
,,,,,,,,,,,SP,Erick Fedde (44214050),Erick Fedde,44214050,P,6400,DET@CWS 09/20/2026 02:10PM ET,CWS,9.50
,,,,,,,,,,,RP,Anthony Kay (44214052),Anthony Kay,44214052,P,6400,DET@CWS 09/20/2026 02:10PM ET,CWS,10.63
,,,,,,,,,,,RP,Logan Allen (44214051),Logan Allen,44214051,P,6400,ATH@CLE 09/20/2026 01:40PM ET,CLE,4.13
,,,,,,,,,,,SP,Gage Jump (44214053),Gage Jump,44214053,P,6400,ATH@CLE 09/20/2026 01:40PM ET,ATH,12.48
,,,,,,,,,,,RP,Daniel Espino (44214054),Daniel Espino,44214054,P,6400,ATH@CLE 09/20/2026 01:40PM ET,CLE,4.05
,,,,,,,,,,,SP,Nick Lodolo (44214058),Nick Lodolo,44214058,P,6300,CHC@CIN 09/20/2026 01:40PM ET,CIN,9.48
,,,,,,,,,,,SP,Luis Severino (44214055),Luis Severino,44214055,P,6300,ATH@CLE 09/20/2026 01:40PM ET,ATH,13.72
,,,,,,,,,,,RP,Grant Holmes (44214056),Grant Holmes,44214056,P,6300,ATL@HOU 09/20/2026 02:10PM ET,ATL,12.31
,,,,,,,,,,,OF,James Wood (44213428),James Wood,44213428,OF,6300,WSH@STL 09/20/2026 02:15PM ET,WSH,10.42
,,,,,,,,,,,SP,Jackson Kent (44214057),Jackson Kent,44214057,P,6300,WSH@STL 09/20/2026 02:15PM ET,WSH,7.22
,,,,,,,,,,,RP,Justin Hagenman (44214059),Justin Hagenman,44214059,P,6300,PHI@NYM 09/20/2026 01:10PM ET,NYM,3.3
,,,,,,,,,,,SP,Kodai Senga (44214060),Kodai Senga,44214060,P,6300,PHI@NYM 09/20/2026 01:10PM ET,NYM,4.4
,,,,,,,,,,,SP,Tobias Myers (44214061),Tobias Myers,44214061,P,6300,PHI@NYM 09/20/2026 01:10PM ET,NYM,2.94
,,,,,,,,,,,RP,Robert Stock (44214062),Robert Stock,44214062,P,6300,PHI@NYM 09/20/2026 01:10PM ET,NYM,7.01
,,,,,,,,,,,SP,Lenny Torres (44214063),Lenny Torres,44214063,P,6300,PHI@NYM 09/20/2026 01:10PM ET,PHI,0
,,,,,,,,,,,RP,Caleb Kilian (44214064),Caleb Kilian,44214064,P,6300,PHI@NYM 09/20/2026 01:10PM ET,PHI,2.93
,,,,,,,,,,,SP,Jackson Rutledge (44214065),Jackson Rutledge,44214065,P,6300,PHI@NYM 09/20/2026 01:10PM ET,PHI,-11.8
,,,,,,,,,,,SP,Alex McFarlane (44214066),Alex McFarlane,44214066,P,6300,PHI@NYM 09/20/2026 01:10PM ET,PHI,3.87
,,,,,,,,,,,RP,Cody Bradford (44214069),Cody Bradford,44214069,P,6200,TOR@TEX 09/20/2026 02:35PM ET,TEX,6.95
,,,,,,,,,,,SP,Brandon Williamson (44214067),Brandon Williamson,44214067,P,6200,CHC@CIN 09/20/2026 01:40PM ET,CIN,7.96
,,,,,,,,,,,RP,Jose Franco (44214077),Jose Franco,44214077,P,6200,CHC@CIN 09/20/2026 01:40PM ET,CIN,3.88
,,,,,,,,,,,RP,Eduardo Rivera (44214070),Eduardo Rivera,44214070,P,6200,BOS@TB 09/20/2026 01:40PM ET,BOS,5.02
,,,,,,,,,,,SP,Johan Oviedo (44214073),Johan Oviedo,44214073,P,6200,BOS@TB 09/20/2026 01:40PM ET,BOS,1.45
,,,,,,,,,,,RP,Jedixson Paez (44214076),Jedixson Paez,44214076,P,6200,BOS@TB 09/20/2026 01:40PM ET,BOS,-4.6
,,,,,,,,,,,SP,Davis Martin (44213417),Davis Martin,44213417,P,6200,DET@CWS 09/20/2026 02:10PM ET,CWS,12.74
,,,,,,,,,,,RP,Jeffrey Springs (44214072),Jeffrey Springs,44214072,P,6200,ATH@CLE 09/20/2026 01:40PM ET,ATH,8.25
,,,,,,,,,,,OF,Randy Arozarena (44213429),Randy Arozarena,44213429,OF,6200,SEA@COL 09/20/2026 03:10PM ET,SEA,9.23
,,,,,,,,,,,SP,Miles Mikolas (44214074),Miles Mikolas,44214074,P,6200,WSH@STL 09/20/2026 02:15PM ET,WSH,5.63
,,,,,,,,,,,RP,Zack Littell (44214075),Zack Littell,44214075,P,6200,WSH@STL 09/20/2026 02:15PM ET,WSH,7.96
,,,,,,,,,,,RP,Xzavion Curry (44214068),Xzavion Curry,44214068,P,6200,PHI@NYM 09/20/2026 01:10PM ET,NYM,3.64
,,,,,,,,,,,RP,Chayce McDermott (44214071),Chayce McDermott,44214071,P,6200,PHI@NYM 09/20/2026 01:10PM ET,NYM,3.21
,,,,,,,,,,,SP,Jordan Wicks (44214092),Jordan Wicks,44214092,P,6100,CHC@CIN 09/20/2026 01:40PM ET,CHC,0.66
,,,,,,,,,,,RP,Ethan Roberts (44214093),Ethan Roberts,44214093,P,6100,CHC@CIN 09/20/2026 01:40PM ET,CHC,1.93
,,,,,,,,,,,SP,Jake Miller (44214084),Jake Miller,44214084,P,6100,DET@CWS 09/20/2026 02:10PM ET,DET,0
,,,,,,,,,,,RP,Yilber Diaz (44214085),Yilber Diaz,44214085,P,6100,DET@CWS 09/20/2026 02:10PM ET,DET,-1.34
,,,,,,,,,,,RP,Ty Madden (44214086),Ty Madden,44214086,P,6100,DET@CWS 09/20/2026 02:10PM ET,DET,6.74
,,,,,,,,,,,RP,Tyler Holton (44214087),Tyler Holton,44214087,P,6100,DET@CWS 09/20/2026 02:10PM ET,DET,2.75
,,,,,,,,,,,RP,Sawyer Gipson-Long (44214094),Sawyer Gipson-Long,44214094,P,6100,DET@CWS 09/20/2026 02:10PM ET,DET,0
,,,,,,,,,,,SP,Logan Evans (44214082),Logan Evans,44214082,P,6100,SEA@COL 09/20/2026 03:10PM ET,SEA,0
,,,,,,,,,,,SP,Emerson Hancock (44214088),Emerson Hancock,44214088,P,6100,SEA@COL 09/20/2026 03:10PM ET,SEA,15.32
,,,,,,,,,,,RP,Mike Clevinger (44214078),Mike Clevinger,44214078,P,6100,KC@PIT 09/20/2026 01:35PM ET,PIT,0
,,,,,,,,,,,RP,Carmen Mlodzinski (44214079),Carmen Mlodzinski,44214079,P,6100,KC@PIT 09/20/2026 01:35PM ET,PIT,7.75
,,,,,,,,,,,RP,Thomas Harrington (44214080),Thomas Harrington,44214080,P,6100,KC@PIT 09/20/2026 01:35PM ET,PIT,0
,,,,,,,,,,,SP,Noah Murdock (44214081),Noah Murdock,44214081,P,6100,KC@PIT 09/20/2026 01:35PM ET,PIT,3.97
,,,,,,,,,,,SP,Alec Marsh (44214089),Alec Marsh,44214089,P,6100,KC@PIT 09/20/2026 01:35PM ET,KC,0
,,,,,,,,,,,SP,Ben Kudrna (44214090),Ben Kudrna,44214090,P,6100,KC@PIT 09/20/2026 01:35PM ET,KC,0
,,,,,,,,,,,RP,Connor Thomas (44214091),Connor Thomas,44214091,P,6100,KC@PIT 09/20/2026 01:35PM ET,KC,0.99
,,,,,,,,,,,SP,Michael McGreevy (44214083),Michael McGreevy,44214083,P,6100,WSH@STL 09/20/2026 02:15PM ET,STL,11.98
,,,,,,,,,,,OF,Juan Soto (44213430),Juan Soto,44213430,OF,6100,PHI@NYM 09/20/2026 01:10PM ET,NYM,9.22
,,,,,,,,,,,SS,Elly De La Cruz (44213431),Elly De La Cruz,44213431,SS,6000,CHC@CIN 09/20/2026 01:40PM ET,CIN,9.93
,,,,,,,,,,,SP,Braxton Garrett (44214096),Braxton Garrett,44214096,P,6000,CHC@CIN 09/20/2026 01:40PM ET,CHC,-1.62
,,,,,,,,,,,RP,Martin Perez (44213418),Martin Perez,44213418,P,6000,ATL@HOU 09/20/2026 02:10PM ET,ATL,11.94
,,,,,,,,,,,RP,Mitch Spence (44214095),Mitch Spence,44214095,P,6000,KC@PIT 09/20/2026 01:35PM ET,KC,-9.27
,,,,,,,,,,,RP,Daniel Lynch IV (44214097),Daniel Lynch IV,44214097,P,6000,KC@PIT 09/20/2026 01:35PM ET,KC,3.58
,,,,,,,,,,,RP,Lake Bachar (44214098),Lake Bachar,44214098,P,6000,KC@PIT 09/20/2026 01:35PM ET,PIT,4.78
,,,,,,,,,,,SP,David Davalillo (44214100),David Davalillo,44214100,P,5900,TOR@TEX 09/20/2026 02:35PM ET,TEX,0
,,,,,,,,,,,SP,Leandro Lopez (44214101),Leandro Lopez,44214101,P,5900,TOR@TEX 09/20/2026 02:35PM ET,TEX,0
,,,,,,,,,,,SP,Jose Corniell (44214102),Jose Corniell,44214102,P,5900,TOR@TEX 09/20/2026 02:35PM ET,TEX,-5.62
,,,,,,,,,,,RP,Winston Santos (44214103),Winston Santos,44214103,P,5900,TOR@TEX 09/20/2026 02:35PM ET,TEX,0.7
,,,,,,,,,,,RP,Tyler Alexander (44214104),Tyler Alexander,44214104,P,5900,TOR@TEX 09/20/2026 02:35PM ET,TEX,2.65
,,,,,,,,,,,RP,Trevor Williams (44214105),Trevor Williams,44214105,P,5900,TOR@TEX 09/20/2026 02:35PM ET,TEX,7.04
,,,,,,,,,,,RP,Cole Winn (44214106),Cole Winn,44214106,P,5900,TOR@TEX 09/20/2026 02:35PM ET,TEX,2.37
,,,,,,,,,,,RP,Adam Macko (44214107),Adam Macko,44214107,P,5900,TOR@TEX 09/20/2026 02:35PM ET,TEX,2.23
,,,,,,,,,,,SP,Jordan Montgomery (44214108),Jordan Montgomery,44214108,P,5900,TOR@TEX 09/20/2026 02:35PM ET,TEX,4.90
,,,,,,,,,,,RP,Jakob Junis (44214109),Jakob Junis,44214109,P,5900,TOR@TEX 09/20/2026 02:35PM ET,TEX,2.23
,,,,,,,,,,,RP,Chase Silseth (44214110),Chase Silseth,44214110,P,5900,TOR@TEX 09/20/2026 02:35PM ET,TEX,2.71
,,,,,,,,,,,SP,Bryce Miller (44214113),Bryce Miller,44214113,P,5900,SEA@COL 09/20/2026 03:10PM ET,SEA,14.97
,,,,,,,,,,,OF,Yordan Alvarez (44213432),Yordan Alvarez,44213432,OF,5900,ATL@HOU 09/20/2026 02:10PM ET,HOU,9.82
,,,,,,,,,,,RP,Joey Wentz (44214111),Joey Wentz,44214111,P,5900,ATL@HOU 09/20/2026 02:10PM ET,ATL,0
,,,,,,,,,,,RP,Victor Mederos (44214115),Victor Mederos,44214115,P,5900,ATL@HOU 09/20/2026 02:10PM ET,ATL,3.53
,,,,,,,,,,,RP,Owen Murphy (44214116),Owen Murphy,44214116,P,5900,ATL@HOU 09/20/2026 02:10PM ET,ATL,4.31
,,,,,,,,,,,RP,Didier Fuentes (44214117),Didier Fuentes,44214117,P,5900,ATL@HOU 09/20/2026 02:10PM ET,ATL,5.14
,,,,,,,,,,,SS,Bobby Witt Jr. (44213433),Bobby Witt Jr.,44213433,SS,5900,KC@PIT 09/20/2026 01:35PM ET,KC,9.32
,,,,,,,,,,,RP,Khristian Curtis (44214099),Khristian Curtis,44214099,P,5900,KC@PIT 09/20/2026 01:35PM ET,PIT,7.16
,,,,,,,,,,,RP,Mason Black (44214112),Mason Black,44214112,P,5900,KC@PIT 09/20/2026 01:35PM ET,KC,2.82
,,,,,,,,,,,RP,Beck Way (44214114),Beck Way,44214114,P,5900,KC@PIT 09/20/2026 01:35PM ET,KC,2.93
,,,,,,,,,,,SP,Marco Gonzales (44214118),Marco Gonzales,44214118,P,5800,TOR@TEX 09/20/2026 02:35PM ET,TEX,4.13
,,,,,,,,,,,3B,Alex Bregman (44213434),Alex Bregman,44213434,3B,5800,CHC@CIN 09/20/2026 01:40PM ET,CHC,8.29
,,,,,,,,,,,RP,Wilber Dotel (44214119),Wilber Dotel,44214119,P,5800,KC@PIT 09/20/2026 01:35PM ET,PIT,4.64
,,,,,,,,,,,SP,Jake Irvin (44213419),Jake Irvin,44213419,P,5800,WSH@STL 09/20/2026 02:15PM ET,WSH,10.59
,,,,,,,,,,,2B/SS,CJ Abrams (44213435),CJ Abrams,44213435,2B/SS,5800,WSH@STL 09/20/2026 02:15PM ET,WSH,9.51
,,,,,,,,,,,RP,Jose Urquidy (44214120),Jose Urquidy,44214120,P,5800,PHI@NYM 09/20/2026 01:10PM ET,PHI,6.10
,,,,,,,,,,,SP,Jake Bloss (44214123),Jake Bloss,44214123,P,5700,TOR@TEX 09/20/2026 02:35PM ET,TOR,0
,,,,,,,,,,,SP,Ricky Tiedemann (44214124),Ricky Tiedemann,44214124,P,5700,TOR@TEX 09/20/2026 02:35PM ET,TOR,4.06
,,,,,,,,,,,RP,Spencer Miles (44214125),Spencer Miles,44214125,P,5700,TOR@TEX 09/20/2026 02:35PM ET,TOR,6.16
,,,,,,,,,,,RP,Mason Fluharty (44214126),Mason Fluharty,44214126,P,5700,TOR@TEX 09/20/2026 02:35PM ET,TOR,2.52
,,,,,,,,,,,RP,Bowden Francis (44214128),Bowden Francis,44214128,P,5700,TOR@TEX 09/20/2026 02:35PM ET,TOR,0
,,,,,,,,,,,C,Hunter Goodman (44213437),Hunter Goodman,44213437,C,5700,SEA@COL 09/20/2026 03:10PM ET,COL,8.56
,,,,,,,,,,,SP,Tekoah Roby (44214121),Tekoah Roby,44214121,P,5700,WSH@STL 09/20/2026 02:15PM ET,STL,0
,,,,,,,,,,,SP,Brycen Mautz (44214122),Brycen Mautz,44214122,P,5700,WSH@STL 09/20/2026 02:15PM ET,STL,4.31
,,,,,,,,,,,RP,Cooper Hjerpe (44214127),Cooper Hjerpe,44214127,P,5700,WSH@STL 09/20/2026 02:15PM ET,STL,9.68
,,,,,,,,,,,1B,Kyle Schwarber (44213438),Kyle Schwarber,44213438,1B,5700,PHI@NYM 09/20/2026 01:10PM ET,PHI,9.02
,,,,,,,,,,,RP,Shane Smith (44214140),Shane Smith,44214140,P,5600,DET@CWS 09/20/2026 02:10PM ET,CWS,2.52
,,,,,,,,,,,SP,Noah Schultz (44214141),Noah Schultz,44214141,P,5600,DET@CWS 09/20/2026 02:10PM ET,CWS,8.40
,,,,,,,,,,,RP,Jordan Hicks (44214142),Jordan Hicks,44214142,P,5600,DET@CWS 09/20/2026 02:10PM ET,CWS,2.96
,,,,,,,,,,,SP,Jonathan Cannon (44214143),Jonathan Cannon,44214143,P,5600,DET@CWS 09/20/2026 02:10PM ET,CWS,1.68
,,,,,,,,,,,SP,Gunnar Hoglund (44214144),Gunnar Hoglund,44214144,P,5600,ATH@CLE 09/20/2026 01:40PM ET,ATH,0
,,,,,,,,,,,C,Cal Raleigh (44213439),Cal Raleigh,44213439,C,5600,SEA@COL 09/20/2026 03:10PM ET,SEA,6.73
,,,,,,,,,,,SP,Mason Adams (44214145),Mason Adams,44214145,P,5600,SEA@COL 09/20/2026 03:10PM ET,COL,9.67
,,,,,,,,,,,2B,Brandon Lowe (44213440),Brandon Lowe,44213440,2B,5600,KC@PIT 09/20/2026 01:35PM ET,PIT,8.60
,,,,,,,,,,,SP,Chase Hampton (44214129),Chase Hampton,44214129,P,5600,WSH@STL 09/20/2026 02:15PM ET,WSH,0
,,,,,,,,,,,SP,DJ Herz (44214130),DJ Herz,44214130,P,5600,WSH@STL 09/20/2026 02:15PM ET,WSH,0
,,,,,,,,,,,RP,Zak Kent (44214131),Zak Kent,44214131,P,5600,WSH@STL 09/20/2026 02:15PM ET,WSH,2.23
,,,,,,,,,,,SP,Mitchell Parker (44214132),Mitchell Parker,44214132,P,5600,WSH@STL 09/20/2026 02:15PM ET,WSH,3.42
,,,,,,,,,,,RP,Eddy Yean (44214133),Eddy Yean,44214133,P,5600,WSH@STL 09/20/2026 02:15PM ET,WSH,3.27
,,,,,,,,,,,RP,Will Dion (44214134),Will Dion,44214134,P,5600,WSH@STL 09/20/2026 02:15PM ET,WSH,5.49
,,,,,,,,,,,SP,Luis Perales (44214135),Luis Perales,44214135,P,5600,WSH@STL 09/20/2026 02:15PM ET,WSH,2.33
,,,,,,,,,,,SP,Josiah Gray (44214136),Josiah Gray,44214136,P,5600,WSH@STL 09/20/2026 02:15PM ET,WSH,1.65
,,,,,,,,,,,RP,Matt Waldron (44214137),Matt Waldron,44214137,P,5600,WSH@STL 09/20/2026 02:15PM ET,WSH,3.88
,,,,,,,,,,,RP,Paxton Schultz (44214138),Paxton Schultz,44214138,P,5600,WSH@STL 09/20/2026 02:15PM ET,WSH,2.29
,,,,,,,,,,,SP,Ken Waldichuk (44214139),Ken Waldichuk,44214139,P,5600,WSH@STL 09/20/2026 02:15PM ET,WSH,2.8
,,,,,,,,,,,RP,Jack Perkins (44213420),Jack Perkins,44213420,P,5500,ATH@CLE 09/20/2026 01:40PM ET,ATH,7.42
,,,,,,,,,,,3B,Jose Ramirez (44213441),Jose Ramirez,44213441,3B,5500,ATH@CLE 09/20/2026 01:40PM ET,CLE,8.23
,,,,,,,,,,,SP,Braden Nett (44214146),Braden Nett,44214146,P,5500,ATH@CLE 09/20/2026 01:40PM ET,ATH,0
,,,,,,,,,,,SP,Henry Baez (44214147),Henry Baez,44214147,P,5500,ATH@CLE 09/20/2026 01:40PM ET,ATH,0
,,,,,,,,,,,SP,Luis Morales (44214148),Luis Morales,44214148,P,5500,ATH@CLE 09/20/2026 01:40PM ET,ATH,-2.24
,,,,,,,,,,,RP,Joey Estes (44214149),Joey Estes,44214149,P,5500,ATH@CLE 09/20/2026 01:40PM ET,ATH,0.05
,,,,,,,,,,,RP,Jose Suarez (44214150),Jose Suarez,44214150,P,5500,ATH@CLE 09/20/2026 01:40PM ET,ATH,2.73
,,,,,,,,,,,RP,Seth Johnson (44214151),Seth Johnson,44214151,P,5500,ATH@CLE 09/20/2026 01:40PM ET,ATH,2.81
,,,,,,,,,,,SP,Luis Medina (44214152),Luis Medina,44214152,P,5500,ATH@CLE 09/20/2026 01:40PM ET,ATH,4.36
,,,,,,,,,,,RP,Yunior Tur (44214153),Yunior Tur,44214153,P,5500,ATH@CLE 09/20/2026 01:40PM ET,ATH,-1.42
,,,,,,,,,,,RP,Joe Rock (44214154),Joe Rock,44214154,P,5500,ATH@CLE 09/20/2026 01:40PM ET,ATH,3.81
,,,,,,,,,,,OF,Ronald Acuna Jr. (44213442),Ronald Acuna Jr.,44213442,OF,5500,ATL@HOU 09/20/2026 02:10PM ET,ATL,9.10
,,,,,,,,,,,SP,Richard Fitts (44214155),Richard Fitts,44214155,P,5500,WSH@STL 09/20/2026 02:15PM ET,STL,0
,,,,,,,,,,,RP,Jared Simpson (44214156),Jared Simpson,44214156,P,5500,WSH@STL 09/20/2026 02:15PM ET,WSH,1.74
,,,,,,,,,,,RP,Carson Palmquist (44214157),Carson Palmquist,44214157,P,5500,WSH@STL 09/20/2026 02:15PM ET,WSH,1.78
,,,,,,,,,,,SP,Rhett Lowder (44213421),Rhett Lowder,44213421,P,5400,CHC@CIN 09/20/2026 01:40PM ET,CIN,8.25
,,,,,,,,,,,1B,Sal Stewart (44213446),Sal Stewart,44213446,1B,5400,CHC@CIN 09/20/2026 01:40PM ET,CIN,8.70
,,,,,,,,,,,1B/3B,Miguel Vargas (44213444),Miguel Vargas,44213444,1B/3B,5400,DET@CWS 09/20/2026 02:10PM ET,CWS,9.16
,,,,,,,,,,,RP,Mason Barnett (44214158),Mason Barnett,44214158,P,5400,ATH@CLE 09/20/2026 01:40PM ET,ATH,3.66
,,,,,,,,,,,SP,Kade Morris (44214159),Kade Morris,44214159,P,5400,ATH@CLE 09/20/2026 01:40PM ET,ATH,-1.17
,,,,,,,,,,,RP,Brady Basso (44214160),Brady Basso,44214160,P,5400,ATH@CLE 09/20/2026 01:40PM ET,ATH,3.11
,,,,,,,,,,,OF,Jake McCarthy (44213443),Jake McCarthy,44213443,OF,5400,SEA@COL 09/20/2026 03:10PM ET,COL,8.86
,,,,,,,,,,,OF/SS,Cole Carrigg (44213447),Cole Carrigg,44213447,SS/OF,5400,SEA@COL 09/20/2026 03:10PM ET,COL,8
,,,,,,,,,,,OF,Wilyer Abreu (44213449),Wilyer Abreu,44213449,OF,5300,BOS@TB 09/20/2026 01:40PM ET,BOS,7.87
,,,,,,,,,,,OF,Jac Caglianone (44213450),Jac Caglianone,44213450,OF,5300,KC@PIT 09/20/2026 01:35PM ET,KC,7.47
,,,,,,,,,,,RP,Moises Chace (44214161),Moises Chace,44214161,P,5300,PHI@NYM 09/20/2026 01:10PM ET,PHI,0
,,,,,,,,,,,OF,Seiya Suzuki (44213452),Seiya Suzuki,44213452,OF,5200,CHC@CIN 09/20/2026 01:40PM ET,CHC,8.67
,,,,,,,,,,,SP,Tomoyuki Sugano (44213422),Tomoyuki Sugano,44213422,P,5200,SEA@COL 09/20/2026 03:10PM ET,COL,9.04
,,,,,,,,,,,OF,Jordan Walker (44213451),Jordan Walker,44213451,OF,5200,WSH@STL 09/20/2026 02:15PM ET,STL,8.86
,,,,,,,,,,,RP,Tim Mayza (44214162),Tim Mayza,44214162,P,5200,PHI@NYM 09/20/2026 01:10PM ET,PHI,3.34
,,,,,,,,,,,RP,Alan Rangel (44214163),Alan Rangel,44214163,P,5200,PHI@NYM 09/20/2026 01:10PM ET,PHI,7.84
,,,,,,,,,,,RP,Braydon Fisher (44213423),Braydon Fisher,44213423,P,5100,TOR@TEX 09/20/2026 02:35PM ET,TOR,2.89
,,,,,,,,,,,3B/SS,Kevin McGonigle (44213453),Kevin McGonigle,44213453,3B/SS,5100,DET@CWS 09/20/2026 02:10PM ET,DET,8.39
,,,,,,,,,,,OF,Bryce Harper (44213455),Bryce Harper,44213455,OF,5100,PHI@NYM 09/20/2026 01:10PM ET,PHI,8.51
,,,,,,,,,,,3B,Zack Gelof (44213456),Zack Gelof,44213456,3B,5000,ATH@CLE 09/20/2026 01:40PM ET,ATH,7.95
,,,,,,,,,,,OF,Julio Rodriguez (44213457),Julio Rodriguez,44213457,OF,5000,SEA@COL 09/20/2026 03:10PM ET,SEA,7.60
,,,,,,,,,,,1B,Matt Olson (44213458),Matt Olson,44213458,1B,5000,ATL@HOU 09/20/2026 02:10PM ET,ATL,8.59
,,,,,,,,,,,RP,Antwone Kelly (44213424),Antwone Kelly,44213424,P,5000,KC@PIT 09/20/2026 01:35PM ET,PIT,3.51
,,,,,,,,,,,SP,Chase Dollander (44214164),Chase Dollander,44214164,P,4900,SEA@COL 09/20/2026 03:10PM ET,COL,13.1
,,,,,,,,,,,SP,Ryan Feltner (44214165),Ryan Feltner,44214165,P,4900,SEA@COL 09/20/2026 03:10PM ET,COL,8.63
,,,,,,,,,,,SP,Pierson Ohl (44214166),Pierson Ohl,44214166,P,4900,SEA@COL 09/20/2026 03:10PM ET,COL,0
,,,,,,,,,,,RP,Zach Agnos (44214167),Zach Agnos,44214167,P,4900,SEA@COL 09/20/2026 03:10PM ET,COL,2.77
,,,,,,,,,,,OF,Bryan Reynolds (44213460),Bryan Reynolds,44213460,OF,4900,KC@PIT 09/20/2026 01:35PM ET,PIT,7.97
,,,,,,,,,,,1B,Alec Burleson (44213459),Alec Burleson,44213459,1B,4900,WSH@STL 09/20/2026 02:15PM ET,STL,8.26
,,,,,,,,,,,1B,Willson Contreras (44213461),Willson Contreras,44213461,1B,4800,BOS@TB 09/20/2026 01:40PM ET,BOS,8.50
,,,,,,,,,,,OF,Mickey Moniak (44213463),Mickey Moniak,44213463,OF,4800,SEA@COL 09/20/2026 03:10PM ET,COL,6.98
,,,,,,,,,,,RP,Tanner Gordon (44214168),Tanner Gordon,44214168,P,4800,SEA@COL 09/20/2026 03:10PM ET,COL,7.35
,,,,,,,,,,,SP,Sean Sullivan (44214169),Sean Sullivan,44214169,P,4800,SEA@COL 09/20/2026 03:10PM ET,COL,1.89
,,,,,,,,,,,RP,Gabriel Hughes (44214170),Gabriel Hughes,44214170,P,4800,SEA@COL 09/20/2026 03:10PM ET,COL,7.79
,,,,,,,,,,,SP,Kyle Freeland (44214171),Kyle Freeland,44214171,P,4800,SEA@COL 09/20/2026 03:10PM ET,COL,8.65
,,,,,,,,,,,SS,Francisco Lindor (44213462),Francisco Lindor,44213462,SS,4800,PHI@NYM 09/20/2026 01:10PM ET,NYM,7.85
,,,,,,,,,,,1B,Munetaka Murakami (44213464),Munetaka Murakami,44213464,1B,4700,DET@CWS 09/20/2026 02:10PM ET,CWS,8.32
,,,,,,,,,,,OF,Riley Greene (44213465),Riley Greene,44213465,OF,4700,DET@CWS 09/20/2026 02:10PM ET,DET,8.13
,,,,,,,,,,,RP,Jose Quintana (44214172),Jose Quintana,44214172,P,4700,SEA@COL 09/20/2026 03:10PM ET,COL,5.78
,,,,,,,,,,,1B/3B,Yandy Diaz (44213466),Yandy Diaz,44213466,1B/3B,4600,BOS@TB 09/20/2026 01:40PM ET,TB,8.16
,,,,,,,,,,,OF,Dominic Canzone (44213468),Dominic Canzone,44213468,OF,4600,SEA@COL 09/20/2026 03:10PM ET,SEA,6.75
,,,,,,,,,,,C,Drake Baldwin (44213469),Drake Baldwin,44213469,C,4600,ATL@HOU 09/20/2026 02:10PM ET,ATL,8.40
,,,,,,,,,,,1B,Michael Busch (44213470),Michael Busch,44213470,1B,4500,CHC@CIN 09/20/2026 01:40PM ET,CHC,7.42
,,,,,,,,,,,2B,Travis Bazzana (44213471),Travis Bazzana,44213471,2B,4500,ATH@CLE 09/20/2026 01:40PM ET,CLE,7.77
,,,,,,,,,,,OF,Angel Martinez (44213473),Angel Martinez,44213473,OF,4500,ATH@CLE 09/20/2026 01:40PM ET,CLE,7.04
,,,,,,,,,,,SS,Jeremy Pena (44213472),Jeremy Pena,44213472,SS,4500,ATL@HOU 09/20/2026 02:10PM ET,HOU,8.51
,,,,,,,,,,,C,Carter Jensen (44213474),Carter Jensen,44213474,C,4500,KC@PIT 09/20/2026 01:35PM ET,KC,7.30
,,,,,,,,,,,3B,Kazuma Okamoto (44213481),Kazuma Okamoto,44213481,3B,4400,TOR@TEX 09/20/2026 02:35PM ET,TOR,7.54
,,,,,,,,,,,OF,Roman Anthony (44213477),Roman Anthony,44213477,OF,4400,BOS@TB 09/20/2026 01:40PM ET,BOS,6.82
,,,,,,,,,,,OF,Sam Antonacci (44213478),Sam Antonacci,44213478,OF,4400,DET@CWS 09/20/2026 02:10PM ET,CWS,7.15
,,,,,,,,,,,C,Shea Langeliers (44213480),Shea Langeliers,44213480,C,4400,ATH@CLE 09/20/2026 01:40PM ET,ATH,8.39
,,,,,,,,,,,1B,Ryan O'Hearn (44213479),Ryan O'Hearn,44213479,1B,4400,KC@PIT 09/20/2026 01:35PM ET,PIT,7.75
,,,,,,,,,,,2B/SS,JJ Wetherholt (44213475),JJ Wetherholt,44213475,2B/SS,4400,WSH@STL 09/20/2026 02:15PM ET,STL,7.68
,,,,,,,,,,,OF,George Springer (44213485),George Springer,44213485,OF,4300,TOR@TEX 09/20/2026 02:35PM ET,TOR,7.21
,,,,,,,,,,,C,Liam Hicks (44213487),Liam Hicks,44213487,C,4300,BOS@TB 09/20/2026 01:40PM ET,TB,7.25
,,,,,,,,,,,OF,Ceddanne Rafaela (44213753),Ceddanne Rafaela,44213753,OF,4300,BOS@TB 09/20/2026 01:40PM ET,BOS,7.86
,,,,,,,,,,,1B,Josh Naylor (44213482),Josh Naylor,44213482,1B,4300,SEA@COL 09/20/2026 03:10PM ET,SEA,7.15
,,,,,,,,,,,2B,Adael Amador (44213484),Adael Amador,44213484,2B,4300,SEA@COL 09/20/2026 03:10PM ET,COL,7.71
,,,,,,,,,,,3B/SS,Maikel Garcia (44213488),Maikel Garcia,44213488,3B/SS,4300,KC@PIT 09/20/2026 01:35PM ET,KC,6.70
,,,,,,,,,,,OF,Daylen Lile (44213483),Daylen Lile,44213483,OF,4300,WSH@STL 09/20/2026 02:15PM ET,WSH,7.76
,,,,,,,,,,,OF,Carson Benge (44213486),Carson Benge,44213486,OF,4300,PHI@NYM 09/20/2026 01:10PM ET,NYM,7.77
,,,,,,,,,,,1B,Vladimir Guerrero Jr. (44213493),Vladimir Guerrero Jr.,44213493,1B,4200,TOR@TEX 09/20/2026 02:35PM ET,TOR,6.69
,,,,,,,,,,,OF,Ian Happ (44213495),Ian Happ,44213495,OF,4200,CHC@CIN 09/20/2026 01:40PM ET,CHC,7.17
,,,,,,,,,,,3B,Eugenio Suarez (44213496),Eugenio Suarez,44213496,3B,4200,CHC@CIN 09/20/2026 01:40PM ET,CIN,6.82
,,,,,,,,,,,C,Dillon Dingler (44213490),Dillon Dingler,44213490,C,4200,DET@CWS 09/20/2026 02:10PM ET,DET,7.45
,,,,,,,,,,,OF,Chase DeLauter (44213494),Chase DeLauter,44213494,OF,4200,ATH@CLE 09/20/2026 01:40PM ET,CLE,7.89
,,,,,,,,,,,1B,TJ Rumfield (44213491),TJ Rumfield,44213491,1B,4200,SEA@COL 09/20/2026 03:10PM ET,COL,7.26
,,,,,,,,,,,3B,Willi Castro (44213755),Willi Castro,44213755,3B,4200,SEA@COL 09/20/2026 03:10PM ET,COL,7.24
,,,,,,,,,,,OF,Joshua Baez (44213754),Joshua Baez,44213754,OF,4200,WSH@STL 09/20/2026 02:15PM ET,STL,7.86
,,,,,,,,,,,SS,Trea Turner (44213492),Trea Turner,44213492,SS,4200,PHI@NYM 09/20/2026 01:10PM ET,PHI,7.67
,,,,,,,,,,,OF,Wyatt Langford (44213497),Wyatt Langford,44213497,OF,4100,TOR@TEX 09/20/2026 02:35PM ET,TEX,8.25
,,,,,,,,,,,SS,Dansby Swanson (44213499),Dansby Swanson,44213499,SS,4100,CHC@CIN 09/20/2026 01:40PM ET,CHC,7.71
,,,,,,,,,,,OF,Lazaro Montes (44213498),Lazaro Montes,44213498,OF,4100,SEA@COL 09/20/2026 03:10PM ET,SEA,6
,,,,,,,,,,,2B/3B,Connor Norby (44213503),Connor Norby,44213503,2B/3B,4100,SEA@COL 09/20/2026 03:10PM ET,COL,6.12
,,,,,,,,,,,OF,Michael Harris II (44213502),Michael Harris II,44213502,OF,4100,ATL@HOU 09/20/2026 02:10PM ET,ATL,7.82
,,,,,,,,,,,1B/C,Rafael Flores Jr. (44213500),Rafael Flores Jr.,44213500,C/1B,4100,KC@PIT 09/20/2026 01:35PM ET,PIT,6.60
,,,,,,,,,,,RP,Jose Rodriguez (44214187),Jose Rodriguez,44214187,P,4000,TOR@TEX 09/20/2026 02:35PM ET,TOR,7.15
,,,,,,,,,,,RP,Gavin Collyer (44214208),Gavin Collyer,44214208,P,4000,TOR@TEX 09/20/2026 02:35PM ET,TEX,2.16
,,,,,,,,,,,RP,Louis Varland (44214221),Louis Varland,44214221,P,4000,TOR@TEX 09/20/2026 02:35PM ET,TOR,4.50
,,,,,,,,,,,RP,Robert Garcia (44214235),Robert Garcia,44214235,P,4000,TOR@TEX 09/20/2026 02:35PM ET,TEX,2.48
,,,,,,,,,,,RP,Peyton Gray (44214239),Peyton Gray,44214239,P,4000,TOR@TEX 09/20/2026 02:35PM ET,TEX,3.57
,,,,,,,,,,,RP,Yimi Garcia (44214266),Yimi Garcia,44214266,P,4000,TOR@TEX 09/20/2026 02:35PM ET,TOR,0
,,,,,,,,,,,RP,Ben Peoples (44214302),Ben Peoples,44214302,P,4000,TOR@TEX 09/20/2026 02:35PM ET,TEX,2.06
,,,,,,,,,,,RP,Chad Dallas (44214305),Chad Dallas,44214305,P,4000,TOR@TEX 09/20/2026 02:35PM ET,TOR,6.91
,,,,,,,,,,,RP,John Klein (44214331),John Klein,44214331,P,4000,TOR@TEX 09/20/2026 02:35PM ET,TOR,1.85
,,,,,,,,,,,RP,Brendan Cellucci (44214332),Brendan Cellucci,44214332,P,4000,TOR@TEX 09/20/2026 02:35PM ET,TOR,5.93
,,,,,,,,,,,RP,Jalen Beeks (44214337),Jalen Beeks,44214337,P,4000,TOR@TEX 09/20/2026 02:35PM ET,TEX,2.24
,,,,,,,,,,,RP,Carter Baumler (44214365),Carter Baumler,44214365,P,4000,TOR@TEX 09/20/2026 02:35PM ET,TEX,3.54
,,,,,,,,,,,RP,Chris Martin (44214368),Chris Martin,44214368,P,4000,TOR@TEX 09/20/2026 02:35PM ET,TEX,0.54
,,,,,,,,,,,RP,Paul Sewald (44214384),Paul Sewald,44214384,P,4000,TOR@TEX 09/20/2026 02:35PM ET,TOR,2.36
,,,,,,,,,,,RP,Robby Ahlstrom (44214392),Robby Ahlstrom,44214392,P,4000,TOR@TEX 09/20/2026 02:35PM ET,TEX,1.80
,,,,,,,,,,,RP,Joe Mantiply (44214397),Joe Mantiply,44214397,P,4000,TOR@TEX 09/20/2026 02:35PM ET,TOR,2.89
,,,,,,,,,,,RP,Tyler Rogers (44214400),Tyler Rogers,44214400,P,4000,TOR@TEX 09/20/2026 02:35PM ET,TOR,2.34
,,,,,,,,,,,RP,Brendon Little (44214402),Brendon Little,44214402,P,4000,TOR@TEX 09/20/2026 02:35PM ET,TOR,2.57
,,,,,,,,,,,RP,CJ Van Eyk (44214410),CJ Van Eyk,44214410,P,4000,TOR@TEX 09/20/2026 02:35PM ET,TOR,0.65
,,,,,,,,,,,RP,Emiliano Teodo (44214412),Emiliano Teodo,44214412,P,4000,TOR@TEX 09/20/2026 02:35PM ET,TEX,-1.25
,,,,,,,,,,,RP,Chase Lee (44214414),Chase Lee,44214414,P,4000,TOR@TEX 09/20/2026 02:35PM ET,TOR,0.34
,,,,,,,,,,,RP,Michel Otanez (44214424),Michel Otanez,44214424,P,4000,TOR@TEX 09/20/2026 02:35PM ET,TEX,0
,,,,,,,,,,,RP,Antoine Kelly (44214176),Antoine Kelly,44214176,P,4000,CHC@CIN 09/20/2026 01:40PM ET,CHC,4.4
,,,,,,,,,,,RP,Tyler Beede (44214180),Tyler Beede,44214180,P,4000,CHC@CIN 09/20/2026 01:40PM ET,CHC,0
,,,,,,,,,,,SP,Tony Santillan (44214197),Tony Santillan,44214197,P,4000,CHC@CIN 09/20/2026 01:40PM ET,CIN,1.72
,,,,,,,,,,,RP,Ryan Rolison (44214201),Ryan Rolison,44214201,P,4000,CHC@CIN 09/20/2026 01:40PM ET,CHC,3.31
,,,,,,,,,,,RP,Brock Burke (44214207),Brock Burke,44214207,P,4000,CHC@CIN 09/20/2026 01:40PM ET,CIN,3.17
,,,,,,,,,,,RP,Trent Thornton (44214212),Trent Thornton,44214212,P,4000,CHC@CIN 09/20/2026 01:40PM ET,CHC,2.46
,,,,,,,,,,,RP,Shelby Miller (44214214),Shelby Miller,44214214,P,4000,CHC@CIN 09/20/2026 01:40PM ET,CHC,0
,,,,,,,,,,,RP,Ryan Zeferjahn (44214222),Ryan Zeferjahn,44214222,P,4000,CHC@CIN 09/20/2026 01:40PM ET,CHC,3.77
,,,,,,,,,,,RP,Jacob Webb (44214264),Jacob Webb,44214264,P,4000,CHC@CIN 09/20/2026 01:40PM ET,CHC,3.18
,,,,,,,,,,,RP,Gavin Hollowell (44214265),Gavin Hollowell,44214265,P,4000,CHC@CIN 09/20/2026 01:40PM ET,CHC,2.73
,,,,,,,,,,,SP,Julian Aguiar (44214280),Julian Aguiar,44214280,P,4000,CHC@CIN 09/20/2026 01:40PM ET,CIN,7.75
,,,,,,,,,,,RP,Caleb Ferguson (44214281),Caleb Ferguson,44214281,P,4000,CHC@CIN 09/20/2026 01:40PM ET,CIN,1.96
,,,,,,,,,,,RP,Riley Martin (44214294),Riley Martin,44214294,P,4000,CHC@CIN 09/20/2026 01:40PM ET,CHC,3.82
,,,,,,,,,,,RP,Tyler Ferguson (44214296),Tyler Ferguson,44214296,P,4000,CHC@CIN 09/20/2026 01:40PM ET,CHC,2.71
,,,,,,,,,,,RP,Graham Ashcraft (44214299),Graham Ashcraft,44214299,P,4000,CHC@CIN 09/20/2026 01:40PM ET,CIN,2.85
,,,,,,,,,,,RP,Daniel Palencia (44214303),Daniel Palencia,44214303,P,4000,CHC@CIN 09/20/2026 01:40PM ET,CHC,2.73
,,,,,,,,,,,RP,Luis Mey (44214306),Luis Mey,44214306,P,4000,CHC@CIN 09/20/2026 01:40PM ET,CIN,3.52
,,,,,,,,,,,RP,Zach Maxwell (44214308),Zach Maxwell,44214308,P,4000,CHC@CIN 09/20/2026 01:40PM ET,CIN,1.04
,,,,,,,,,,,RP,Zach McCambley (44214317),Zach McCambley,44214317,P,4000,CHC@CIN 09/20/2026 01:40PM ET,CIN,2.33
,,,,,,,,,,,RP,Caleb Thielbar (44214320),Caleb Thielbar,44214320,P,4000,CHC@CIN 09/20/2026 01:40PM ET,CHC,2.64
,,,,,,,,,,,RP,Porter Hodge (44214335),Porter Hodge,44214335,P,4000,CHC@CIN 09/20/2026 01:40PM ET,CHC,0
,,,,,,,,,,,RP,Phil Maton (44214340),Phil Maton,44214340,P,4000,CHC@CIN 09/20/2026 01:40PM ET,CHC,1.72
,,,,,,,,,,,RP,Chase Solesky (44214343),Chase Solesky,44214343,P,4000,CHC@CIN 09/20/2026 01:40PM ET,CIN,6.55
,,,,,,,,,,,RP,Emilio Pagan (44214356),Emilio Pagan,44214356,P,4000,CHC@CIN 09/20/2026 01:40PM ET,CIN,3.21
,,,,,,,,,,,RP,Hunter Harvey (44214379),Hunter Harvey,44214379,P,4000,CHC@CIN 09/20/2026 01:40PM ET,CHC,1.85
,,,,,,,,,,,RP,Julian Garcia (44214381),Julian Garcia,44214381,P,4000,CHC@CIN 09/20/2026 01:40PM ET,CIN,4.00
,,,,,,,,,,,RP,Tejay Antone (44214393),Tejay Antone,44214393,P,4000,CHC@CIN 09/20/2026 01:40PM ET,CIN,2.91
,,,,,,,,,,,RP,Sam Moll (44214421),Sam Moll,44214421,P,4000,CHC@CIN 09/20/2026 01:40PM ET,CIN,2.04
,,,,,,,,,,,RP,Pierce Johnson (44214423),Pierce Johnson,44214423,P,4000,CHC@CIN 09/20/2026 01:40PM ET,CIN,1.9
,,,,,,,,,,,RP,Jayden Murray (44214425),Jayden Murray,44214425,P,4000,CHC@CIN 09/20/2026 01:40PM ET,CHC,1.04
,,,,,,,,,,,2B/3B,Curtis Mead (44213756),Curtis Mead,44213756,2B/3B,4000,BOS@TB 09/20/2026 01:40PM ET,BOS,7.80
,,,,,,,,,,,RP,Jon Heasley (44214179),Jon Heasley,44214179,P,4000,BOS@TB 09/20/2026 01:40PM ET,TB,-1.8
,,,,,,,,,,,RP,Manuel Rodriguez (44214209),Manuel Rodriguez,44214209,P,4000,BOS@TB 09/20/2026 01:40PM ET,TB,4.12
,,,,,,,,,,,RP,Bryan Baker (44214210),Bryan Baker,44214210,P,4000,BOS@TB 09/20/2026 01:40PM ET,TB,3.52
,,,,,,,,,,,RP,Greg Weissert (44214220),Greg Weissert,44214220,P,4000,BOS@TB 09/20/2026 01:40PM ET,BOS,2.82
,,,,,,,,,,,RP,Cam Booser (44214223),Cam Booser,44214223,P,4000,BOS@TB 09/20/2026 01:40PM ET,TB,3.54
,,,,,,,,,,,RP,Jovani Moran (44214255),Jovani Moran,44214255,P,4000,BOS@TB 09/20/2026 01:40PM ET,BOS,4.17
,,,,,,,,,,,RP,Tyler Samaniego (44214259),Tyler Samaniego,44214259,P,4000,BOS@TB 09/20/2026 01:40PM ET,BOS,2.43
,,,,,,,,,,,RP,Brody Hopkins (44214261),Brody Hopkins,44214261,P,4000,BOS@TB 09/20/2026 01:40PM ET,TB,1.35
,,,,,,,,,,,RP,Garrett Cleavinger (44214271),Garrett Cleavinger,44214271,P,4000,BOS@TB 09/20/2026 01:40PM ET,TB,2.68
,,,,,,,,,,,RP,Garrett Whitlock (44214276),Garrett Whitlock,44214276,P,4000,BOS@TB 09/20/2026 01:40PM ET,BOS,4.05
,,,,,,,,,,,RP,Wyatt Olds (44214289),Wyatt Olds,44214289,P,4000,BOS@TB 09/20/2026 01:40PM ET,BOS,5.10
,,,,,,,,,,,RP,Justin Slaten (44214291),Justin Slaten,44214291,P,4000,BOS@TB 09/20/2026 01:40PM ET,BOS,2.74
,,,,,,,,,,,RP,Aroldis Chapman (44214309),Aroldis Chapman,44214309,P,4000,BOS@TB 09/20/2026 01:40PM ET,BOS,3.94
,,,,,,,,,,,RP,Casey Legumina (44214321),Casey Legumina,44214321,P,4000,BOS@TB 09/20/2026 01:40PM ET,TB,2.89
,,,,,,,,,,,RP,Erik Miller (44214330),Erik Miller,44214330,P,4000,BOS@TB 09/20/2026 01:40PM ET,BOS,3.60
,,,,,,,,,,,RP,Alec Gamboa (44214367),Alec Gamboa,44214367,P,4000,BOS@TB 09/20/2026 01:40PM ET,BOS,4.50
,,,,,,,,,,,RP,Joe La Sorsa (44214377),Joe La Sorsa,44214377,P,4000,BOS@TB 09/20/2026 01:40PM ET,BOS,0.15
,,,,,,,,,,,RP,Ty Johnson (44214387),Ty Johnson,44214387,P,4000,BOS@TB 09/20/2026 01:40PM ET,TB,2.68
,,,,,,,,,,,RP,Raymond Burgos (44214389),Raymond Burgos,44214389,P,4000,BOS@TB 09/20/2026 01:40PM ET,BOS,4.6
,,,,,,,,,,,RP,Alex Cook (44214391),Alex Cook,44214391,P,4000,BOS@TB 09/20/2026 01:40PM ET,TB,3.29
,,,,,,,,,,,RP,Kevin Kelly (44214395),Kevin Kelly,44214395,P,4000,BOS@TB 09/20/2026 01:40PM ET,TB,3.38
,,,,,,,,,,,RP,Edwin Uceta (44214404),Edwin Uceta,44214404,P,4000,BOS@TB 09/20/2026 01:40PM ET,TB,0
,,,,,,,,,,,RP,Zack Kelly (44214406),Zack Kelly,44214406,P,4000,BOS@TB 09/20/2026 01:40PM ET,BOS,2.21
,,,,,,,,,,,RP,Tyron Guerrero (44214409),Tyron Guerrero,44214409,P,4000,BOS@TB 09/20/2026 01:40PM ET,BOS,2.83
,,,,,,,,,,,RP,Prelander Berroa (44214184),Prelander Berroa,44214184,P,4000,DET@CWS 09/20/2026 02:10PM ET,CWS,0
,,,,,,,,,,,SP,Ky Bush (44214185),Ky Bush,44214185,P,4000,DET@CWS 09/20/2026 02:10PM ET,CWS,0
,,,,,,,,,,,SP,Drew Thorpe (44214189),Drew Thorpe,44214189,P,4000,DET@CWS 09/20/2026 02:10PM ET,CWS,0
,,,,,,,,,,,RP,Mike Vasil (44214192),Mike Vasil,44214192,P,4000,DET@CWS 09/20/2026 02:10PM ET,CWS,0
,,,,,,,,,,,RP,Tanner McDougal (44214203),Tanner McDougal,44214203,P,4000,DET@CWS 09/20/2026 02:10PM ET,CWS,-3.65
,,,,,,,,,,,RP,Drew Sommers (44214224),Drew Sommers,44214224,P,4000,DET@CWS 09/20/2026 02:10PM ET,DET,3.71
,,,,,,,,,,,RP,Hagen Smith (44214240),Hagen Smith,44214240,P,4000,DET@CWS 09/20/2026 02:10PM ET,CWS,8.15
,,,,,,,,,,,RP,Tyler Kinley (44214254),Tyler Kinley,44214254,P,4000,DET@CWS 09/20/2026 02:10PM ET,DET,2.68
,,,,,,,,,,,RP,Jordan Leasure (44214286),Jordan Leasure,44214286,P,4000,DET@CWS 09/20/2026 02:10PM ET,CWS,2.57
,,,,,,,,,,,RP,Sean Guenther (44214292),Sean Guenther,44214292,P,4000,DET@CWS 09/20/2026 02:10PM ET,DET,0
,,,,,,,,,,,RP,Bryan Hudson (44214304),Bryan Hudson,44214304,P,4000,DET@CWS 09/20/2026 02:10PM ET,CWS,2.85
,,,,,,,,,,,RP,Jacob Waguespack (44214319),Jacob Waguespack,44214319,P,4000,DET@CWS 09/20/2026 02:10PM ET,DET,3.50
,,,,,,,,,,,RP,Beau Brieske (44214323),Beau Brieske,44214323,P,4000,DET@CWS 09/20/2026 02:10PM ET,DET,3.43
,,,,,,,,,,,RP,Enmanuel De Jesus (44214324),Enmanuel De Jesus,44214324,P,4000,DET@CWS 09/20/2026 02:10PM ET,DET,3.74
,,,,,,,,,,,RP,Burch Smith (44214325),Burch Smith,44214325,P,4000,DET@CWS 09/20/2026 02:10PM ET,DET,3.94
,,,,,,,,,,,RP,Will Vest (44214329),Will Vest,44214329,P,4000,DET@CWS 09/20/2026 02:10PM ET,DET,2.44
,,,,,,,,,,,RP,Kenley Jansen (44214336),Kenley Jansen,44214336,P,4000,DET@CWS 09/20/2026 02:10PM ET,DET,3.12
,,,,,,,,,,,RP,Tyler Schweitzer (44214339),Tyler Schweitzer,44214339,P,4000,DET@CWS 09/20/2026 02:10PM ET,CWS,3.81
,,,,,,,,,,,RP,Chris Murphy (44214354),Chris Murphy,44214354,P,4000,DET@CWS 09/20/2026 02:10PM ET,CWS,2.74
,,,,,,,,,,,RP,Tyler Davis (44214373),Tyler Davis,44214373,P,4000,DET@CWS 09/20/2026 02:10PM ET,CWS,2.88
,,,,,,,,,,,RP,Brenan Hanifee (44214380),Brenan Hanifee,44214380,P,4000,DET@CWS 09/20/2026 02:10PM ET,DET,1.08
,,,,,,,,,,,RP,Bailey Horn (44214382),Bailey Horn,44214382,P,4000,DET@CWS 09/20/2026 02:10PM ET,DET,0
,,,,,,,,,,,RP,Trevor Richards (44214383),Trevor Richards,44214383,P,4000,DET@CWS 09/20/2026 02:10PM ET,CWS,3.92
,,,,,,,,,,,RP,Huascar Brazoban (44214388),Huascar Brazoban,44214388,P,4000,DET@CWS 09/20/2026 02:10PM ET,CWS,3.25
,,,,,,,,,,,RP,Brant Hurter (44214416),Brant Hurter,44214416,P,4000,DET@CWS 09/20/2026 02:10PM ET,DET,3.49
,,,,,,,,,,,RP,Grant Taylor (44214420),Grant Taylor,44214420,P,4000,DET@CWS 09/20/2026 02:10PM ET,CWS,5.46
,,,,,,,,,,,RP,Kyle Finnegan (44214428),Kyle Finnegan,44214428,P,4000,DET@CWS 09/20/2026 02:10PM ET,DET,1.95
,,,,,,,,,,,RP,Sean Newcomb (44214429),Sean Newcomb,44214429,P,4000,DET@CWS 09/20/2026 02:10PM ET,CWS,4.00
,,,,,,,,,,,OF,Henry Bolte (44213506),Henry Bolte,44213506,OF,4000,ATH@CLE 09/20/2026 01:40PM ET,ATH,7.24
,,,,,,,,,,,OF,Jo Adell (44213510),Jo Adell,44213510,OF,4000,ATH@CLE 09/20/2026 01:40PM ET,CLE,6.95
,,,,,,,,,,,RP,Yorman Gomez (44214174),Yorman Gomez,44214174,P,4000,ATH@CLE 09/20/2026 01:40PM ET,CLE,0
,,,,,,,,,,,RP,Cade Smith (44214206),Cade Smith,44214206,P,4000,ATH@CLE 09/20/2026 01:40PM ET,CLE,4.70
,,,,,,,,,,,RP,Scott Blewett (44214211),Scott Blewett,44214211,P,4000,ATH@CLE 09/20/2026 01:40PM ET,ATH,4.44
,,,,,,,,,,,RP,Craig Yoho (44214216),Craig Yoho,44214216,P,4000,ATH@CLE 09/20/2026 01:40PM ET,CLE,3.35
,,,,,,,,,,,RP,Matt Festa (44214246),Matt Festa,44214246,P,4000,ATH@CLE 09/20/2026 01:40PM ET,CLE,2.94
,,,,,,,,,,,RP,Tim Herrin (44214248),Tim Herrin,44214248,P,4000,ATH@CLE 09/20/2026 01:40PM ET,CLE,2.44
,,,,,,,,,,,RP,Franco Aleman (44214249),Franco Aleman,44214249,P,4000,ATH@CLE 09/20/2026 01:40PM ET,CLE,2.90
,,,,,,,,,,,RP,Andrew Walters (44214251),Andrew Walters,44214251,P,4000,ATH@CLE 09/20/2026 01:40PM ET,CLE,0
,,,,,,,,,,,RP,Hayden Juenger (44214256),Hayden Juenger,44214256,P,4000,ATH@CLE 09/20/2026 01:40PM ET,ATH,-0.25
,,,,,,,,,,,RP,Connor Brogdon (44214257),Connor Brogdon,44214257,P,4000,ATH@CLE 09/20/2026 01:40PM ET,CLE,2.79
,,,,,,,,,,,RP,Austin Peterson (44214263),Austin Peterson,44214263,P,4000,ATH@CLE 09/20/2026 01:40PM ET,CLE,9.9
,,,,,,,,,,,RP,Mark Leiter Jr. (44214295),Mark Leiter Jr.,44214295,P,4000,ATH@CLE 09/20/2026 01:40PM ET,ATH,2.54
,,,,,,,,,,,RP,Erik Sabrowski (44214300),Erik Sabrowski,44214300,P,4000,ATH@CLE 09/20/2026 01:40PM ET,CLE,3.52
,,,,,,,,,,,RP,Colin Holderman (44214307),Colin Holderman,44214307,P,4000,ATH@CLE 09/20/2026 01:40PM ET,CLE,3.18
,,,,,,,,,,,RP,Hunter Bigge (44214314),Hunter Bigge,44214314,P,4000,ATH@CLE 09/20/2026 01:40PM ET,ATH,1.59
,,,,,,,,,,,RP,Elvis Alvarado (44214316),Elvis Alvarado,44214316,P,4000,ATH@CLE 09/20/2026 01:40PM ET,ATH,3.18
,,,,,,,,,,,RP,Justin Sterner (44214338),Justin Sterner,44214338,P,4000,ATH@CLE 09/20/2026 01:40PM ET,ATH,1.97
,,,,,,,,,,,RP,Geoff Hartlieb (44214345),Geoff Hartlieb,44214345,P,4000,ATH@CLE 09/20/2026 01:40PM ET,ATH,3.41
,,,,,,,,,,,RP,Shawn Armstrong (44214347),Shawn Armstrong,44214347,P,4000,ATH@CLE 09/20/2026 01:40PM ET,CLE,2.16
,,,,,,,,,,,RP,Drew Rom (44214355),Drew Rom,44214355,P,4000,ATH@CLE 09/20/2026 01:40PM ET,ATH,2.66
,,,,,,,,,,,RP,Hunter Gaddis (44214369),Hunter Gaddis,44214369,P,4000,ATH@CLE 09/20/2026 01:40PM ET,CLE,2.70
,,,,,,,,,,,RP,Hogan Harris (44214375),Hogan Harris,44214375,P,4000,ATH@CLE 09/20/2026 01:40PM ET,ATH,3.20
,,,,,,,,,,,RP,Chris Roycroft (44214417),Chris Roycroft,44214417,P,4000,ATH@CLE 09/20/2026 01:40PM ET,ATH,1.96
,,,,,,,,,,,RP,Brooks Kriske (44214418),Brooks Kriske,44214418,P,4000,ATH@CLE 09/20/2026 01:40PM ET,ATH,4.1
,,,,,,,,,,,SS,J.P. Crawford (44213507),J.P. Crawford,44213507,SS,4000,SEA@COL 09/20/2026 03:10PM ET,SEA,6.29
,,,,,,,,,,,RP,Robinson Ortiz (44214173),Robinson Ortiz,44214173,P,4000,SEA@COL 09/20/2026 03:10PM ET,SEA,0
,,,,,,,,,,,RP,Troy Watson (44214178),Troy Watson,44214178,P,4000,SEA@COL 09/20/2026 03:10PM ET,SEA,0
,,,,,,,,,,,RP,RJ Petit (44214181),RJ Petit,44214181,P,4000,SEA@COL 09/20/2026 03:10PM ET,COL,0
,,,,,,,,,,,RP,Eiberson Castellano (44214183),Eiberson Castellano,44214183,P,4000,SEA@COL 09/20/2026 03:10PM ET,COL,7.75
,,,,,,,,,,,RP,Blake Adams (44214190),Blake Adams,44214190,P,4000,SEA@COL 09/20/2026 03:10PM ET,COL,-11.95
,,,,,,,,,,,SP,McCade Brown (44214193),McCade Brown,44214193,P,4000,SEA@COL 09/20/2026 03:10PM ET,COL,0
,,,,,,,,,,,RP,Michael Rucker (44214194),Michael Rucker,44214194,P,4000,SEA@COL 09/20/2026 03:10PM ET,SEA,2.75
,,,,,,,,,,,RP,Seranthony Dominguez (44214198),Seranthony Dominguez,44214198,P,4000,SEA@COL 09/20/2026 03:10PM ET,SEA,2.81
,,,,,,,,,,,RP,Josh Simpson (44214229),Josh Simpson,44214229,P,4000,SEA@COL 09/20/2026 03:10PM ET,SEA,1.36
,,,,,,,,,,,RP,Cooper Criswell (44214232),Cooper Criswell,44214232,P,4000,SEA@COL 09/20/2026 03:10PM ET,SEA,2.87
,,,,,,,,,,,RP,Blas Castano (44214233),Blas Castano,44214233,P,4000,SEA@COL 09/20/2026 03:10PM ET,COL,4.45
,,,,,,,,,,,RP,Welinton Herrera (44214243),Welinton Herrera,44214243,P,4000,SEA@COL 09/20/2026 03:10PM ET,COL,2.48
,,,,,,,,,,,RP,Hayden Harris (44214244),Hayden Harris,44214244,P,4000,SEA@COL 09/20/2026 03:10PM ET,COL,0
,,,,,,,,,,,RP,Jordan Romano (44214250),Jordan Romano,44214250,P,4000,SEA@COL 09/20/2026 03:10PM ET,COL,2.21
,,,,,,,,,,,RP,Mark Manfredi (44214260),Mark Manfredi,44214260,P,4000,SEA@COL 09/20/2026 03:10PM ET,COL,3.35
,,,,,,,,,,,RP,Jaden Hill (44214270),Jaden Hill,44214270,P,4000,SEA@COL 09/20/2026 03:10PM ET,COL,1.82
,,,,,,,,,,,RP,TJ Shook (44214287),TJ Shook,44214287,P,4000,SEA@COL 09/20/2026 03:10PM ET,COL,1.77
,,,,,,,,,,,RP,Brennan Bernardino (44214288),Brennan Bernardino,44214288,P,4000,SEA@COL 09/20/2026 03:10PM ET,COL,2.31
,,,,,,,,,,,RP,Jose A. Ferrer (44214290),Jose A. Ferrer,44214290,P,4000,SEA@COL 09/20/2026 03:10PM ET,SEA,2.04
,,,,,,,,,,,RP,Hoby Milner (44214297),Hoby Milner,44214297,P,4000,SEA@COL 09/20/2026 03:10PM ET,SEA,1.63
,,,,,,,,,,,RP,Troy Taylor (44214318),Troy Taylor,44214318,P,4000,SEA@COL 09/20/2026 03:10PM ET,SEA,0
,,,,,,,,,,,RP,Andres Munoz (44214327),Andres Munoz,44214327,P,4000,SEA@COL 09/20/2026 03:10PM ET,SEA,3.88
,,,,,,,,,,,RP,Nick Davila (44214348),Nick Davila,44214348,P,4000,SEA@COL 09/20/2026 03:10PM ET,SEA,1.37
,,,,,,,,,,,RP,Carlos Vargas (44214352),Carlos Vargas,44214352,P,4000,SEA@COL 09/20/2026 03:10PM ET,SEA,3.32
,,,,,,,,,,,RP,Eduard Bazardo (44214362),Eduard Bazardo,44214362,P,4000,SEA@COL 09/20/2026 03:10PM ET,SEA,2.46
,,,,,,,,,,,RP,Jimmy Herget (44214363),Jimmy Herget,44214363,P,4000,SEA@COL 09/20/2026 03:10PM ET,COL,1.78
,,,,,,,,,,,RP,Juan Mejia (44214364),Juan Mejia,44214364,P,4000,SEA@COL 09/20/2026 03:10PM ET,COL,2.37
,,,,,,,,,,,RP,Nick Frasso (44214374),Nick Frasso,44214374,P,4000,SEA@COL 09/20/2026 03:10PM ET,COL,2.36
,,,,,,,,,,,RP,Cole Wilcox (44214385),Cole Wilcox,44214385,P,4000,SEA@COL 09/20/2026 03:10PM ET,SEA,2.83
,,,,,,,,,,,RP,Jeff Criswell (44214386),Jeff Criswell,44214386,P,4000,SEA@COL 09/20/2026 03:10PM ET,COL,2.27
,,,,,,,,,,,RP,Gabe Speier (44214390),Gabe Speier,44214390,P,4000,SEA@COL 09/20/2026 03:10PM ET,SEA,2.47
,,,,,,,,,,,RP,Matt Brash (44214426),Matt Brash,44214426,P,4000,SEA@COL 09/20/2026 03:10PM ET,SEA,3.36
,,,,,,,,,,,RP,Blake Burkhalter (44214177),Blake Burkhalter,44214177,P,4000,ATL@HOU 09/20/2026 02:10PM ET,ATL,1.05
,,,,,,,,,,,RP,Joe Jimenez (44214188),Joe Jimenez,44214188,P,4000,ATL@HOU 09/20/2026 02:10PM ET,ATL,0
,,,,,,,,,,,RP,Tyler Uberstine (44214202),Tyler Uberstine,44214202,P,4000,ATL@HOU 09/20/2026 02:10PM ET,ATL,5.6
,,,,,,,,,,,RP,Brent Suter (44214213),Brent Suter,44214213,P,4000,ATL@HOU 09/20/2026 02:10PM ET,ATL,4.23
,,,,,,,,,,,RP,Bryan Abreu (44214215),Bryan Abreu,44214215,P,4000,ATL@HOU 09/20/2026 02:10PM ET,HOU,3.34
,,,,,,,,,,,RP,Rolddy Munoz (44214217),Rolddy Munoz,44214217,P,4000,ATL@HOU 09/20/2026 02:10PM ET,ATL,0.9
,,,,,,,,,,,RP,Bennett Sousa (44214218),Bennett Sousa,44214218,P,4000,ATL@HOU 09/20/2026 02:10PM ET,HOU,1.87
,,,,,,,,,,,RP,Robert Suarez (44214252),Robert Suarez,44214252,P,4000,ATL@HOU 09/20/2026 02:10PM ET,ATL,3.86
,,,,,,,,,,,RP,Steven Okert (44214279),Steven Okert,44214279,P,4000,ATL@HOU 09/20/2026 02:10PM ET,HOU,3.56
,,,,,,,,,,,RP,Enyel De Los Santos (44214282),Enyel De Los Santos,44214282,P,4000,ATL@HOU 09/20/2026 02:10PM ET,HOU,2.63
,,,,,,,,,,,RP,Dylan Lee (44214284),Dylan Lee,44214284,P,4000,ATL@HOU 09/20/2026 02:10PM ET,ATL,3.45
,,,,,,,,,,,RP,Bryan King (44214293),Bryan King,44214293,P,4000,ATL@HOU 09/20/2026 02:10PM ET,HOU,2.09
,,,,,,,,,,,RP,Dylan Dodd (44214322),Dylan Dodd,44214322,P,4000,ATL@HOU 09/20/2026 02:10PM ET,ATL,3.61
,,,,,,,,,,,RP,Ricky Vanasco (44214328),Ricky Vanasco,44214328,P,4000,ATL@HOU 09/20/2026 02:10PM ET,ATL,-2.35
,,,,,,,,,,,RP,Ray Kerr (44214357),Ray Kerr,44214357,P,4000,ATL@HOU 09/20/2026 02:10PM ET,ATL,6.12
,,,,,,,,,,,RP,Josh Hader (44214366),Josh Hader,44214366,P,4000,ATL@HOU 09/20/2026 02:10PM ET,HOU,4.52
,,,,,,,,,,,RP,James Karinchak (44214370),James Karinchak,44214370,P,4000,ATL@HOU 09/20/2026 02:10PM ET,ATL,3.15
,,,,,,,,,,,RP,Logan VanWey (44214376),Logan VanWey,44214376,P,4000,ATL@HOU 09/20/2026 02:10PM ET,HOU,3.87
,,,,,,,,,,,RP,Michael Grove (44214405),Michael Grove,44214405,P,4000,ATL@HOU 09/20/2026 02:10PM ET,ATL,6.52
,,,,,,,,,,,RP,Raisel Iglesias (44214415),Raisel Iglesias,44214415,P,4000,ATL@HOU 09/20/2026 02:10PM ET,ATL,3.22
,,,,,,,,,,,2B/3B,Nick Gonzales (44213508),Nick Gonzales,44213508,2B/3B,4000,KC@PIT 09/20/2026 01:35PM ET,PIT,6.92
,,,,,,,,,,,1B,Vinnie Pasquantino (44213511),Vinnie Pasquantino,44213511,1B,4000,KC@PIT 09/20/2026 01:35PM ET,KC,7.05
,,,,,,,,,,,SP,Steven Zobac (44214175),Steven Zobac,44214175,P,4000,KC@PIT 09/20/2026 01:35PM ET,KC,0
,,,,,,,,,,,RP,James McArthur (44214182),James McArthur,44214182,P,4000,KC@PIT 09/20/2026 01:35PM ET,KC,0
,,,,,,,,,,,RP,Hunter Barco (44214191),Hunter Barco,44214191,P,4000,KC@PIT 09/20/2026 01:35PM ET,PIT,2.31
,,,,,,,,,,,RP,Aaron Bummer (44214234),Aaron Bummer,44214234,P,4000,KC@PIT 09/20/2026 01:35PM ET,KC,0.38
,,,,,,,,,,,RP,Mason Montgomery (44214237),Mason Montgomery,44214237,P,4000,KC@PIT 09/20/2026 01:35PM ET,PIT,4.36
,,,,,,,,,,,RP,Kirby Yates (44214238),Kirby Yates,44214238,P,4000,KC@PIT 09/20/2026 01:35PM ET,PIT,2.96
,,,,,,,,,,,RP,Brandon Eisert (44214267),Brandon Eisert,44214267,P,4000,KC@PIT 09/20/2026 01:35PM ET,PIT,3.23
,,,,,,,,,,,RP,Evan Sisk (44214268),Evan Sisk,44214268,P,4000,KC@PIT 09/20/2026 01:35PM ET,PIT,3.26
,,,,,,,,,,,RP,Isaac Mattson (44214272),Isaac Mattson,44214272,P,4000,KC@PIT 09/20/2026 01:35PM ET,PIT,1.98
,,,,,,,,,,,RP,Gregory Soto (44214273),Gregory Soto,44214273,P,4000,KC@PIT 09/20/2026 01:35PM ET,PIT,3.30
,,,,,,,,,,,RP,Luke Weaver (44214275),Luke Weaver,44214275,P,4000,KC@PIT 09/20/2026 01:35PM ET,PIT,3.35
,,,,,,,,,,,RP,Connor Seabold (44214277),Connor Seabold,44214277,P,4000,KC@PIT 09/20/2026 01:35PM ET,KC,2.08
,,,,,,,,,,,RP,Luke Little (44214298),Luke Little,44214298,P,4000,KC@PIT 09/20/2026 01:35PM ET,KC,1.05
,,,,,,,,,,,RP,Spencer Bivens (44214310),Spencer Bivens,44214310,P,4000,KC@PIT 09/20/2026 01:35PM ET,KC,0.56
,,,,,,,,,,,RP,Alex Lange (44214315),Alex Lange,44214315,P,4000,KC@PIT 09/20/2026 01:35PM ET,KC,2.07
,,,,,,,,,,,RP,Nick Mears (44214334),Nick Mears,44214334,P,4000,KC@PIT 09/20/2026 01:35PM ET,KC,2.00
,,,,,,,,,,,RP,Craig Kimbrel (44214344),Craig Kimbrel,44214344,P,4000,KC@PIT 09/20/2026 01:35PM ET,KC,2.23
,,,,,,,,,,,RP,Nolan Hoffman (44214350),Nolan Hoffman,44214350,P,4000,KC@PIT 09/20/2026 01:35PM ET,KC,1.67
,,,,,,,,,,,RP,Nate Pearson (44214353),Nate Pearson,44214353,P,4000,KC@PIT 09/20/2026 01:35PM ET,KC,3.09
,,,,,,,,,,,RP,Yohan Ramirez (44214358),Yohan Ramirez,44214358,P,4000,KC@PIT 09/20/2026 01:35PM ET,PIT,4.45
,,,,,,,,,,,RP,Lucas Erceg (44214359),Lucas Erceg,44214359,P,4000,KC@PIT 09/20/2026 01:35PM ET,KC,1.4
,,,,,,,,,,,RP,Anthony Gose (44214361),Anthony Gose,44214361,P,4000,KC@PIT 09/20/2026 01:35PM ET,KC,2.56
,,,,,,,,,,,RP,Camilo Doval (44214394),Camilo Doval,44214394,P,4000,KC@PIT 09/20/2026 01:35PM ET,PIT,2.49
,,,,,,,,,,,RP,Carlos Duran (44214401),Carlos Duran,44214401,P,4000,KC@PIT 09/20/2026 01:35PM ET,KC,1
,,,,,,,,,,,RP,Matt Strahm (44214403),Matt Strahm,44214403,P,4000,KC@PIT 09/20/2026 01:35PM ET,KC,1.56
,,,,,,,,,,,RP,Jose Cuas (44214407),Jose Cuas,44214407,P,4000,KC@PIT 09/20/2026 01:35PM ET,KC,2.76
,,,,,,,,,,,RP,Carlos Estevez (44214419),Carlos Estevez,44214419,P,4000,KC@PIT 09/20/2026 01:35PM ET,KC,-14.85
,,,,,,,,,,,RP,Easton McGee (44214422),Easton McGee,44214422,P,4000,KC@PIT 09/20/2026 01:35PM ET,KC,1.37
,,,,,,,,,,,RP,Steven Cruz (44214427),Steven Cruz,44214427,P,4000,KC@PIT 09/20/2026 01:35PM ET,KC,2.95
,,,,,,,,,,,C,Ivan Herrera (44213505),Ivan Herrera,44213505,C,4000,WSH@STL 09/20/2026 02:15PM ET,STL,7.54
,,,,,,,,,,,RP,Brad Lord (44214195),Brad Lord,44214195,P,4000,WSH@STL 09/20/2026 02:15PM ET,WSH,5.48
,,,,,,,,,,,RP,George Soriano (44214196),George Soriano,44214196,P,4000,WSH@STL 09/20/2026 02:15PM ET,STL,2.61
,,,,,,,,,,,RP,Orlando Ribalta (44214204),Orlando Ribalta,44214204,P,4000,WSH@STL 09/20/2026 02:15PM ET,WSH,2.61
,,,,,,,,,,,RP,Luis Gastelum (44214226),Luis Gastelum,44214226,P,4000,WSH@STL 09/20/2026 02:15PM ET,STL,3.53
,,,,,,,,,,,RP,PJ Poulin (44214231),PJ Poulin,44214231,P,4000,WSH@STL 09/20/2026 02:15PM ET,WSH,2.72
,,,,,,,,,,,SP,Riley O'Brien (44214241),Riley O'Brien,44214241,P,4000,WSH@STL 09/20/2026 02:15PM ET,STL,2.59
,,,,,,,,,,,RP,Yovanny Cruz (44214247),Yovanny Cruz,44214247,P,4000,WSH@STL 09/20/2026 02:15PM ET,WSH,2.06
,,,,,,,,,,,RP,Gus Varland (44214258),Gus Varland,44214258,P,4000,WSH@STL 09/20/2026 02:15PM ET,WSH,1.59
,,,,,,,,,,,RP,Cole Henry (44214269),Cole Henry,44214269,P,4000,WSH@STL 09/20/2026 02:15PM ET,WSH,1.87
,,,,,,,,,,,RP,Kyle Nicolas (44214278),Kyle Nicolas,44214278,P,4000,WSH@STL 09/20/2026 02:15PM ET,WSH,1.13
,,,,,,,,,,,RP,Clayton Beeter (44214283),Clayton Beeter,44214283,P,4000,WSH@STL 09/20/2026 02:15PM ET,WSH,2.72
,,,,,,,,,,,RP,Ryan Fernandez (44214285),Ryan Fernandez,44214285,P,4000,WSH@STL 09/20/2026 02:15PM ET,STL,4.46
,,,,,,,,,,,RP,Max Rajcic (44214311),Max Rajcic,44214311,P,4000,WSH@STL 09/20/2026 02:15PM ET,STL,3.18
,,,,,,,,,,,RP,Hancel Rincon (44214312),Hancel Rincon,44214312,P,4000,WSH@STL 09/20/2026 02:15PM ET,STL,-6.6
,,,,,,,,,,,RP,Riley Cornelio (44214313),Riley Cornelio,44214313,P,4000,WSH@STL 09/20/2026 02:15PM ET,WSH,5.79
,,,,,,,,,,,RP,Cade Winquest (44214341),Cade Winquest,44214341,P,4000,WSH@STL 09/20/2026 02:15PM ET,STL,4.18
,,,,,,,,,,,RP,Justin Bruihl (44214342),Justin Bruihl,44214342,P,4000,WSH@STL 09/20/2026 02:15PM ET,STL,2.20
,,,,,,,,,,,RP,Richard Lovelady (44214346),Richard Lovelady,44214346,P,4000,WSH@STL 09/20/2026 02:15PM ET,WSH,2.21
,,,,,,,,,,,RP,Jake Bird (44214349),Jake Bird,44214349,P,4000,WSH@STL 09/20/2026 02:15PM ET,WSH,2.07
,,,,,,,,,,,RP,Jack Sinclair (44214351),Jack Sinclair,44214351,P,4000,WSH@STL 09/20/2026 02:15PM ET,WSH,3.04
,,,,,,,,,,,RP,Erik Tolman (44214360),Erik Tolman,44214360,P,4000,WSH@STL 09/20/2026 02:15PM ET,WSH,3.33
,,,,,,,,,,,RP,Ryne Stanek (44214396),Ryne Stanek,44214396,P,4000,WSH@STL 09/20/2026 02:15PM ET,STL,2.44
,,,,,,,,,,,RP,Matt Svanson (44214411),Matt Svanson,44214411,P,4000,WSH@STL 09/20/2026 02:15PM ET,STL,1.72
,,,,,,,,,,,RP,Cameron Weston (44214186),Cameron Weston,44214186,P,4000,PHI@NYM 09/20/2026 01:10PM ET,NYM,3.65
,,,,,,,,,,,RP,Jhoan Duran (44214199),Jhoan Duran,44214199,P,4000,PHI@NYM 09/20/2026 01:10PM ET,PHI,4.04
,,,,,,,,,,,RP,Chase Shugart (44214200),Chase Shugart,44214200,P,4000,PHI@NYM 09/20/2026 01:10PM ET,PHI,3.44
,,,,,,,,,,,RP,Jefry Yan (44214205),Jefry Yan,44214205,P,4000,PHI@NYM 09/20/2026 01:10PM ET,NYM,4.04
,,,,,,,,,,,RP,Jonathan Bowlan (44214219),Jonathan Bowlan,44214219,P,4000,PHI@NYM 09/20/2026 01:10PM ET,PHI,3.42
,,,,,,,,,,,RP,Nate Lavender (44214225),Nate Lavender,44214225,P,4000,PHI@NYM 09/20/2026 01:10PM ET,NYM,4.13
,,,,,,,,,,,RP,Andrew Hoffmann (44214227),Andrew Hoffmann,44214227,P,4000,PHI@NYM 09/20/2026 01:10PM ET,PHI,2.08
,,,,,,,,,,,RP,Grant Holman (44214228),Grant Holman,44214228,P,4000,PHI@NYM 09/20/2026 01:10PM ET,PHI,-2.25
,,,,,,,,,,,RP,Dylan Ross (44214230),Dylan Ross,44214230,P,4000,PHI@NYM 09/20/2026 01:10PM ET,NYM,2.25
,,,,,,,,,,,RP,Austin Warren (44214236),Austin Warren,44214236,P,4000,PHI@NYM 09/20/2026 01:10PM ET,NYM,3.51
,,,,,,,,,,,RP,Reed Garrett (44214242),Reed Garrett,44214242,P,4000,PHI@NYM 09/20/2026 01:10PM ET,NYM,0
,,,,,,,,,,,RP,Daniel Duarte (44214245),Daniel Duarte,44214245,P,4000,PHI@NYM 09/20/2026 01:10PM ET,NYM,4.41
,,,,,,,,,,,RP,Max Lazar (44214253),Max Lazar,44214253,P,4000,PHI@NYM 09/20/2026 01:10PM ET,PHI,1.9
,,,,,,,,,,,RP,Devin Williams (44214262),Devin Williams,44214262,P,4000,PHI@NYM 09/20/2026 01:10PM ET,NYM,2.92
,,,,,,,,,,,RP,Brooks Raley (44214274),Brooks Raley,44214274,P,4000,PHI@NYM 09/20/2026 01:10PM ET,PHI,2.66
,,,,,,,,,,,RP,Brad Keller (44214301),Brad Keller,44214301,P,4000,PHI@NYM 09/20/2026 01:10PM ET,PHI,2.75
,,,,,,,,,,,RP,Dedniel Nunez (44214326),Dedniel Nunez,44214326,P,4000,PHI@NYM 09/20/2026 01:10PM ET,NYM,3.00
,,,,,,,,,,,RP,Orion Kerkering (44214333),Orion Kerkering,44214333,P,4000,PHI@NYM 09/20/2026 01:10PM ET,PHI,2.71
,,,,,,,,,,,RP,Tanner Banks (44214371),Tanner Banks,44214371,P,4000,PHI@NYM 09/20/2026 01:10PM ET,PHI,1.84
,,,,,,,,,,,RP,Kyle Backhus (44214372),Kyle Backhus,44214372,P,4000,PHI@NYM 09/20/2026 01:10PM ET,PHI,2.44
,,,,,,,,,,,RP,Cionel Perez (44214378),Cionel Perez,44214378,P,4000,PHI@NYM 09/20/2026 01:10PM ET,NYM,3.03
,,,,,,,,,,,RP,Joey Gerber (44214398),Joey Gerber,44214398,P,4000,PHI@NYM 09/20/2026 01:10PM ET,NYM,2.96
,,,,,,,,,,,RP,Jose Alvarado (44214399),Jose Alvarado,44214399,P,4000,PHI@NYM 09/20/2026 01:10PM ET,PHI,2.49
,,,,,,,,,,,RP,Jack Weisenburger (44214408),Jack Weisenburger,44214408,P,4000,PHI@NYM 09/20/2026 01:10PM ET,NYM,6.41
,,,,,,,,,,,RP,Jonathan Pintaro (44214413),Jonathan Pintaro,44214413,P,4000,PHI@NYM 09/20/2026 01:10PM ET,NYM,3.86
,,,,,,,,,,,SS,Corey Seager (44213515),Corey Seager,44213515,SS,3900,TOR@TEX 09/20/2026 02:35PM ET,TEX,7.57
,,,,,,,,,,,1B/OF,Spencer Steer (44213758),Spencer Steer,44213758,1B/OF,3900,CHC@CIN 09/20/2026 01:40PM ET,CIN,6.84
,,,,,,,,,,,1B,Mickey Gasper (44213512),Mickey Gasper,44213512,1B,3900,BOS@TB 09/20/2026 01:40PM ET,BOS,6.21
,,,,,,,,,,,OF,Jarren Duran (44213518),Jarren Duran,44213518,OF,3900,BOS@TB 09/20/2026 01:40PM ET,BOS,6.76
,,,,,,,,,,,C,Adley Rutschman (44213520),Adley Rutschman,44213520,C,3900,BOS@TB 09/20/2026 01:40PM ET,BOS,7.04
,,,,,,,,,,,3B/SS,Colson Montgomery (44213513),Colson Montgomery,44213513,3B/SS,3900,DET@CWS 09/20/2026 02:10PM ET,CWS,7.17
,,,,,,,,,,,2B,Cole Young (44213517),Cole Young,44213517,2B,3900,SEA@COL 09/20/2026 03:10PM ET,SEA,6.39
,,,,,,,,,,,SS,Konnor Griffin (44213519),Konnor Griffin,44213519,SS,3900,KC@PIT 09/20/2026 01:35PM ET,PIT,8.33
,,,,,,,,,,,OF,Dylan Crews (44213516),Dylan Crews,44213516,OF,3900,WSH@STL 09/20/2026 02:15PM ET,WSH,6.70
,,,,,,,,,,,OF,Brett Bateman (44213527),Brett Bateman,44213527,OF,3800,TOR@TEX 09/20/2026 02:35PM ET,TOR,7.92
,,,,,,,,,,,1B,Jonathan Aranda (44213522),Jonathan Aranda,44213522,1B,3800,BOS@TB 09/20/2026 01:40PM ET,TB,7.77
,,,,,,,,,,,OF,Cedric Mullins (44213525),Cedric Mullins,44213525,OF,3800,BOS@TB 09/20/2026 01:40PM ET,TB,5.98
,,,,,,,,,,,2B,Chase Meidroth (44213524),Chase Meidroth,44213524,2B,3800,DET@CWS 09/20/2026 02:10PM ET,CWS,6.85
,,,,,,,,,,,C,Eduardo Valencia (44213528),Eduardo Valencia,44213528,C,3800,DET@CWS 09/20/2026 02:10PM ET,DET,7.14
,,,,,,,,,,,OF,Steven Kwan (44213526),Steven Kwan,44213526,OF,3800,ATH@CLE 09/20/2026 01:40PM ET,CLE,6.45
,,,,,,,,,,,OF,Esmerlyn Valdez (44213760),Esmerlyn Valdez,44213760,OF,3800,KC@PIT 09/20/2026 01:35PM ET,PIT,8.06
,,,,,,,,,,,3B,Bo Bichette (44213521),Bo Bichette,44213521,3B,3800,PHI@NYM 09/20/2026 01:10PM ET,NYM,6.86
,,,,,,,,,,,2B,Luis Arraez (44213523),Luis Arraez,44213523,2B,3800,PHI@NYM 09/20/2026 01:10PM ET,PHI,7.30
,,,,,,,,,,,SS,Nico Hoerner (44213535),Nico Hoerner,44213535,SS,3700,CHC@CIN 09/20/2026 01:40PM ET,CHC,7.05
,,,,,,,,,,,OF,JJ Bleday (44213536),JJ Bleday,44213536,OF,3700,CHC@CIN 09/20/2026 01:40PM ET,CIN,7.02
,,,,,,,,,,,1B/2B,Romy Gonzalez (44213762),Romy Gonzalez,44213762,1B/2B,3700,BOS@TB 09/20/2026 01:40PM ET,BOS,5.32
,,,,,,,,,,,2B,Gleyber Torres (44213530),Gleyber Torres,44213530,2B,3700,DET@CWS 09/20/2026 02:10PM ET,DET,7.10
,,,,,,,,,,,OF,Kerry Carpenter (44213764),Kerry Carpenter,44213764,OF,3700,DET@CWS 09/20/2026 02:10PM ET,DET,5.27
,,,,,,,,,,,OF,Taylor Ward (44213533),Taylor Ward,44213533,OF,3700,SEA@COL 09/20/2026 03:10PM ET,SEA,6.19
,,,,,,,,,,,2B,Jose Altuve (44213529),Jose Altuve,44213529,2B,3700,ATL@HOU 09/20/2026 02:10PM ET,HOU,6.72
,,,,,,,,,,,3B,Isaac Paredes (44213531),Isaac Paredes,44213531,3B,3700,ATL@HOU 09/20/2026 02:10PM ET,HOU,7.49
,,,,,,,,,,,SS,Carlos Correa (44213761),Carlos Correa,44213761,SS,3700,ATL@HOU 09/20/2026 02:10PM ET,HOU,8
,,,,,,,,,,,1B,Spencer Horwitz (44213537),Spencer Horwitz,44213537,1B,3700,KC@PIT 09/20/2026 01:35PM ET,PIT,6.21
,,,,,,,,,,,C,Keibert Ruiz (44213538),Keibert Ruiz,44213538,C,3700,WSH@STL 09/20/2026 02:15PM ET,WSH,6.30
,,,,,,,,,,,3B,Bryson Stott (44213532),Bryson Stott,44213532,3B,3700,PHI@NYM 09/20/2026 01:10PM ET,PHI,7.09
,,,,,,,,,,,OF,A.J. Ewing (44213534),A.J. Ewing,44213534,OF,3700,PHI@NYM 09/20/2026 01:10PM ET,NYM,7.27
,,,,,,,,,,,3B/OF,Ezequiel Duran (44213539),Ezequiel Duran,44213539,3B/OF,3600,TOR@TEX 09/20/2026 02:35PM ET,TEX,7.25
,,,,,,,,,,,C,Alejandro Kirk (44213545),Alejandro Kirk,44213545,C,3600,TOR@TEX 09/20/2026 02:35PM ET,TOR,6.77
,,,,,,,,,,,2B/SS,Matt McLain (44213542),Matt McLain,44213542,2B/SS,3600,CHC@CIN 09/20/2026 01:40PM ET,CIN,5.88
,,,,,,,,,,,C,Carson Kelly (44213544),Carson Kelly,44213544,C,3600,CHC@CIN 09/20/2026 01:40PM ET,CHC,6.08
,,,,,,,,,,,1B,Spencer Torkelson (44213546),Spencer Torkelson,44213546,1B,3600,DET@CWS 09/20/2026 02:10PM ET,DET,6.51
,,,,,,,,,,,2B,Ozzie Albies (44213541),Ozzie Albies,44213541,2B,3600,ATL@HOU 09/20/2026 02:10PM ET,ATL,6.96
,,,,,,,,,,,OF,Joc Pederson (44213555),Joc Pederson,44213555,OF,3500,TOR@TEX 09/20/2026 02:35PM ET,TEX,6
,,,,,,,,,,,2B,Pedro Ramirez (44213549),Pedro Ramirez,44213549,2B,3500,CHC@CIN 09/20/2026 01:40PM ET,CHC,6.07
,,,,,,,,,,,OF,Blake Dunn (44213765),Blake Dunn,44213765,OF,3500,CHC@CIN 09/20/2026 01:40PM ET,CIN,6.87
,,,,,,,,,,,OF,Victor Mesa Jr. (44213547),Victor Mesa Jr.,44213547,OF,3500,BOS@TB 09/20/2026 01:40PM ET,TB,6.76
,,,,,,,,,,,OF,Andrew Benintendi (44213550),Andrew Benintendi,44213550,OF,3500,DET@CWS 09/20/2026 02:10PM ET,CWS,5.84
,,,,,,,,,,,OF,Troy Johnston (44213548),Troy Johnston,44213548,OF,3500,SEA@COL 09/20/2026 03:10PM ET,COL,5.70
,,,,,,,,,,,3B,Weston Wilson (44213553),Weston Wilson,44213553,3B,3500,SEA@COL 09/20/2026 03:10PM ET,SEA,3.96
,,,,,,,,,,,OF,John Rave (44213554),John Rave,44213554,OF,3500,KC@PIT 09/20/2026 01:35PM ET,KC,6.04
,,,,,,,,,,,1B/C,Endy Rodriguez (44213766),Endy Rodriguez,44213766,C/1B,3500,KC@PIT 09/20/2026 01:35PM ET,PIT,7.22
,,,,,,,,,,,2B,Jonathan India (44213768),Jonathan India,44213768,2B,3500,KC@PIT 09/20/2026 01:35PM ET,KC,5.41
,,,,,,,,,,,C,Leo Bernal (44213551),Leo Bernal,44213551,C,3500,WSH@STL 09/20/2026 02:15PM ET,STL,8.76
,,,,,,,,,,,C,Harry Ford (44213552),Harry Ford,44213552,C,3500,WSH@STL 09/20/2026 02:15PM ET,WSH,5.23
,,,,,,,,,,,1B,Alec Bohm (44213556),Alec Bohm,44213556,1B,3500,PHI@NYM 09/20/2026 01:10PM ET,PHI,6.60
,,,,,,,,,,,OF,Brandon Nimmo (44213559),Brandon Nimmo,44213559,OF,3400,TOR@TEX 09/20/2026 02:35PM ET,TEX,6.87
,,,,,,,,,,,OF,Dane Myers (44213562),Dane Myers,44213562,OF,3400,CHC@CIN 09/20/2026 01:40PM ET,CIN,4.75
,,,,,,,,,,,OF,Michael Conforto (44213564),Michael Conforto,44213564,OF,3400,CHC@CIN 09/20/2026 01:40PM ET,CHC,5.05
,,,,,,,,,,,OF,Jonny DeLuca (44213558),Jonny DeLuca,44213558,OF,3400,BOS@TB 09/20/2026 01:40PM ET,TB,6.01
,,,,,,,,,,,2B/3B,Paul DeJong (44213770),Paul DeJong,44213770,2B/3B,3400,DET@CWS 09/20/2026 02:10PM ET,DET,0
,,,,,,,,,,,OF,Lawrence Butler (44213557),Lawrence Butler,44213557,OF,3400,ATH@CLE 09/20/2026 01:40PM ET,ATH,5.98
,,,,,,,,,,,3B,Kyle Karros (44213560),Kyle Karros,44213560,3B,3400,SEA@COL 09/20/2026 03:10PM ET,COL,6.46
,,,,,,,,,,,2B,Michael Arroyo (44213563),Michael Arroyo,44213563,2B,3400,SEA@COL 09/20/2026 03:10PM ET,SEA,7.38
,,,,,,,,,,,C,Brett Sullivan (44213567),Brett Sullivan,44213567,C,3400,SEA@COL 09/20/2026 03:10PM ET,COL,4.57
,,,,,,,,,,,1B,Christian Walker (44213566),Christian Walker,44213566,1B,3400,ATL@HOU 09/20/2026 02:10PM ET,HOU,6.68
,,,,,,,,,,,OF,Ronny Simon (44213565),Ronny Simon,44213565,OF,3400,KC@PIT 09/20/2026 01:35PM ET,PIT,7
,,,,,,,,,,,3B,Brady House (44213561),Brady House,44213561,3B,3400,WSH@STL 09/20/2026 02:15PM ET,WSH,6.35
,,,,,,,,,,,OF,Mike Tauchman (44213769),Mike Tauchman,44213769,OF,3400,PHI@NYM 09/20/2026 01:10PM ET,NYM,0
,,,,,,,,,,,3B,Josh Jung (44213570),Josh Jung,44213570,3B,3300,TOR@TEX 09/20/2026 02:35PM ET,TEX,7.50
,,,,,,,,,,,2B,Justin Foscue (44213579),Justin Foscue,44213579,2B,3300,TOR@TEX 09/20/2026 02:35PM ET,TEX,4.68
,,,,,,,,,,,2B/SS,Ernie Clement (44213580),Ernie Clement,44213580,2B/SS,3300,TOR@TEX 09/20/2026 02:35PM ET,TOR,5.82
,,,,,,,,,,,C,Tyler Stephenson (44213576),Tyler Stephenson,44213576,C,3300,CHC@CIN 09/20/2026 01:40PM ET,CIN,5.83
,,,,,,,,,,,SS,Taylor Walls (44213568),Taylor Walls,44213568,SS,3300,BOS@TB 09/20/2026 01:40PM ET,TB,5.55
,,,,,,,,,,,OF,Max Clark (44213569),Max Clark,44213569,OF,3300,DET@CWS 09/20/2026 02:10PM ET,DET,7.76
,,,,,,,,,,,OF,Randal Grichuk (44213572),Randal Grichuk,44213572,OF,3300,DET@CWS 09/20/2026 02:10PM ET,CWS,4.77
,,,,,,,,,,,SS,Brayan Rocchio (44213573),Brayan Rocchio,44213573,SS,3300,ATH@CLE 09/20/2026 01:40PM ET,CLE,6.73
,,,,,,,,,,,OF,Victor Robles (44213578),Victor Robles,44213578,OF,3300,SEA@COL 09/20/2026 03:10PM ET,SEA,3.64
,,,,,,,,,,,OF,Sterlin Thompson (44213772),Sterlin Thompson,44213772,OF,3300,SEA@COL 09/20/2026 03:10PM ET,COL,4.44
,,,,,,,,,,,3B,Austin Riley (44213574),Austin Riley,44213574,3B,3300,ATL@HOU 09/20/2026 02:10PM ET,ATL,6.22
,,,,,,,,,,,1B,Salvador Perez (44213571),Salvador Perez,44213571,1B,3300,KC@PIT 09/20/2026 01:35PM ET,KC,6.04
,,,,,,,,,,,SS,Nasim Nunez (44213575),Nasim Nunez,44213575,SS,3300,WSH@STL 09/20/2026 02:15PM ET,WSH,5.73
,,,,,,,,,,,C,Francisco Alvarez (44213577),Francisco Alvarez,44213577,C,3300,PHI@NYM 09/20/2026 01:10PM ET,NYM,5.66
,,,,,,,,,,,OF,Brandon Marsh (44213582),Brandon Marsh,44213582,OF,3300,PHI@NYM 09/20/2026 01:10PM ET,PHI,6.35
,,,,,,,,,,,OF,Hector Rodriguez (44213592),Hector Rodriguez,44213592,OF,3200,CHC@CIN 09/20/2026 01:40PM ET,CIN,5.57
,,,,,,,,,,,OF,Chandler Simpson (44213584),Chandler Simpson,44213584,OF,3200,BOS@TB 09/20/2026 01:40PM ET,TB,7.22
,,,,,,,,,,,2B,Richie Palacios (44213587),Richie Palacios,44213587,2B,3200,BOS@TB 09/20/2026 01:40PM ET,TB,6.02
,,,,,,,,,,,2B/SS,Ben Williamson (44213773),Ben Williamson,44213773,2B/SS,3200,BOS@TB 09/20/2026 01:40PM ET,TB,5.08
,,,,,,,,,,,2B/3B,Hao-Yu Lee (44213585),Hao-Yu Lee,44213585,2B/3B,3200,DET@CWS 09/20/2026 02:10PM ET,DET,5.42
,,,,,,,,,,,C,Kyle Teel (44213589),Kyle Teel,44213589,C,3200,DET@CWS 09/20/2026 02:10PM ET,CWS,5.82
,,,,,,,,,,,OF,Matt Vierling (44213776),Matt Vierling,44213776,OF,3200,DET@CWS 09/20/2026 02:10PM ET,DET,4.50
,,,,,,,,,,,1B,Nathaniel Lowe (44213590),Nathaniel Lowe,44213590,1B,3200,ATH@CLE 09/20/2026 01:40PM ET,CLE,5.98
,,,,,,,,,,,OF,Zac Veen (44213591),Zac Veen,44213591,OF,3200,SEA@COL 09/20/2026 03:10PM ET,COL,4.06
,,,,,,,,,,,OF,Luke Raley (44213775),Luke Raley,44213775,OF,3200,SEA@COL 09/20/2026 03:10PM ET,SEA,5.10
,,,,,,,,,,,C,Yainer Diaz (44213583),Yainer Diaz,44213583,C,3200,ATL@HOU 09/20/2026 02:10PM ET,HOU,6.03
,,,,,,,,,,,OF/SS,Mauricio Dubon (44213593),Mauricio Dubon,44213593,SS/OF,3200,ATL@HOU 09/20/2026 02:10PM ET,ATL,6.65
,,,,,,,,,,,OF,Jacob Young (44213588),Jacob Young,44213588,OF,3200,WSH@STL 09/20/2026 02:15PM ET,WSH,6.01
,,,,,,,,,,,1B/3B,Mark Vientos (44213595),Mark Vientos,44213595,1B/3B,3200,PHI@NYM 09/20/2026 01:10PM ET,NYM,5.45
,,,,,,,,,,,1B,Jake Burger (44213601),Jake Burger,44213601,1B,3100,TOR@TEX 09/20/2026 02:35PM ET,TEX,7.03
,,,,,,,,,,,3B/OF,Addison Barger (44213777),Addison Barger,44213777,3B/OF,3100,TOR@TEX 09/20/2026 02:35PM ET,TOR,2.56
,,,,,,,,,,,1B/2B,Nick Sogard (44213597),Nick Sogard,44213597,1B/2B,3100,BOS@TB 09/20/2026 01:40PM ET,BOS,6.48
,,,,,,,,,,,1B/OF,Ryan Vilade (44213599),Ryan Vilade,44213599,1B/OF,3100,BOS@TB 09/20/2026 01:40PM ET,TB,5.32
,,,,,,,,,,,OF,Tristan Peters (44213602),Tristan Peters,44213602,OF,3100,DET@CWS 09/20/2026 02:10PM ET,CWS,5.85
,,,,,,,,,,,OF,Wenceel Perez (44213781),Wenceel Perez,44213781,OF,3100,DET@CWS 09/20/2026 02:10PM ET,DET,5.09
,,,,,,,,,,,C,Jhonny Pereda (44213608),Jhonny Pereda,44213608,C,3100,SEA@COL 09/20/2026 03:10PM ET,SEA,5
,,,,,,,,,,,3B,Brendan Donovan (44213779),Brendan Donovan,44213779,3B,3100,SEA@COL 09/20/2026 03:10PM ET,SEA,6.54
,,,,,,,,,,,OF,Cam Smith (44213603),Cam Smith,44213603,OF,3100,ATL@HOU 09/20/2026 02:10PM ET,HOU,5.91
,,,,,,,,,,,OF,Jake Mangum (44213610),Jake Mangum,44213610,OF,3100,KC@PIT 09/20/2026 01:35PM ET,PIT,6.32
,,,,,,,,,,,OF,Starling Marte (44213780),Starling Marte,44213780,OF,3100,KC@PIT 09/20/2026 01:35PM ET,KC,3.88
,,,,,,,,,,,2B/OF,Bryan Torres (44213604),Bryan Torres,44213604,2B/OF,3100,WSH@STL 09/20/2026 02:15PM ET,STL,3.84
,,,,,,,,,,,1B,Yohandy Morales (44213607),Yohandy Morales,44213607,1B,3100,WSH@STL 09/20/2026 02:15PM ET,WSH,7.08
,,,,,,,,,,,OF,Bryan De La Cruz (44213606),Bryan De La Cruz,44213606,OF,3100,PHI@NYM 09/20/2026 01:10PM ET,PHI,4.63
,,,,,,,,,,,2B,Marcus Semien (44213609),Marcus Semien,44213609,2B,3100,PHI@NYM 09/20/2026 01:10PM ET,NYM,5.92
,,,,,,,,,,,C,Danny Jansen (44213627),Danny Jansen,44213627,C,3000,TOR@TEX 09/20/2026 02:35PM ET,TEX,5.07
,,,,,,,,,,,SS,Andres Gimenez (44213630),Andres Gimenez,44213630,SS,3000,TOR@TEX 09/20/2026 02:35PM ET,TOR,5.57
,,,,,,,,,,,OF,Tyrone Taylor (44213626),Tyrone Taylor,44213626,OF,3000,CHC@CIN 09/20/2026 01:40PM ET,CHC,4.95
,,,,,,,,,,,2B,Juan Brito (44213628),Juan Brito,44213628,2B,3000,CHC@CIN 09/20/2026 01:40PM ET,CIN,5.75
,,,,,,,,,,,OF,Noelvi Marte (44213782),Noelvi Marte,44213782,OF,3000,CHC@CIN 09/20/2026 01:40PM ET,CIN,4.56
,,,,,,,,,,,3B,Caleb Durbin (44213612),Caleb Durbin,44213612,3B,3000,BOS@TB 09/20/2026 01:40PM ET,BOS,6.90
,,,,,,,,,,,SS,Trevor Story (44213613),Trevor Story,44213613,SS,3000,BOS@TB 09/20/2026 01:40PM ET,BOS,6.42
,,,,,,,,,,,2B/SS,Jorge Mateo (44213620),Jorge Mateo,44213620,2B/SS,3000,BOS@TB 09/20/2026 01:40PM ET,TB,4.34
,,,,,,,,,,,2B,Anthony Seigler (44213785),Anthony Seigler,44213785,2B,3000,BOS@TB 09/20/2026 01:40PM ET,BOS,5.65
,,,,,,,,,,,OF,Braden Montgomery (44213622),Braden Montgomery,44213622,OF,3000,DET@CWS 09/20/2026 02:10PM ET,CWS,6
,,,,,,,,,,,1B/2B,Jeff McNeil (44213615),Jeff McNeil,44213615,1B/2B,3000,ATH@CLE 09/20/2026 01:40PM ET,ATH,5.66
,,,,,,,,,,,1B,Rhys Hoskins (44213783),Rhys Hoskins,44213783,1B,3000,ATH@CLE 09/20/2026 01:40PM ET,CLE,5.35
,,,,,,,,,,,3B,Brock Rodden (44213625),Brock Rodden,44213625,3B,3000,SEA@COL 09/20/2026 03:10PM ET,SEA,3.25
,,,,,,,,,,,OF,Jordan Beck (44213629),Jordan Beck,44213629,OF,3000,SEA@COL 09/20/2026 03:10PM ET,COL,3.60
,,,,,,,,,,,SS,Colt Emerson (44213784),Colt Emerson,44213784,SS,3000,SEA@COL 09/20/2026 03:10PM ET,SEA,4.96
,,,,,,,,,,,OF,Daulton Varsho (44213611),Daulton Varsho,44213611,OF,3000,ATL@HOU 09/20/2026 02:10PM ET,HOU,5.66
,,,,,,,,,,,2B,Michael Massey (44213619),Michael Massey,44213619,2B,3000,KC@PIT 09/20/2026 01:35PM ET,KC,5.76
,,,,,,,,,,,1B/3B,Andres Chaparro (44213617),Andres Chaparro,44213617,1B/3B,3000,WSH@STL 09/20/2026 02:15PM ET,WSH,5.64
,,,,,,,,,,,2B/SS,Thomas Saggese (44213623),Thomas Saggese,44213623,2B/SS,3000,WSH@STL 09/20/2026 02:15PM ET,STL,5.35
,,,,,,,,,,,C,J.T. Realmuto (44213614),J.T. Realmuto,44213614,C,3000,PHI@NYM 09/20/2026 01:10PM ET,PHI,5.72
,,,,,,,,,,,C,Brandon Valenzuela (44213643),Brandon Valenzuela,44213643,C,2900,TOR@TEX 09/20/2026 02:35PM ET,TOR,4.51
,,,,,,,,,,,2B/OF,Matt Shaw (44213637),Matt Shaw,44213637,2B/OF,2900,CHC@CIN 09/20/2026 01:40PM ET,CHC,4.75
,,,,,,,,,,,OF,Jake Fraley (44213635),Jake Fraley,44213635,OF,2900,BOS@TB 09/20/2026 01:40PM ET,TB,4.52
,,,,,,,,,,,OF,Gavin Lux (44213787),Gavin Lux,44213787,OF,2900,BOS@TB 09/20/2026 01:40PM ET,TB,0
,,,,,,,,,,,C,Kenny Piper (44213790),Kenny Piper,44213790,C,2900,BOS@TB 09/20/2026 01:40PM ET,TB,2.43
,,,,,,,,,,,OF,Parker Meadows (44213794),Parker Meadows,44213794,OF,2900,DET@CWS 09/20/2026 02:10PM ET,DET,5.42
,,,,,,,,,,,3B,Max Muncy (44213631),Max Muncy,44213631,3B,2900,ATH@CLE 09/20/2026 01:40PM ET,ATH,5.55
,,,,,,,,,,,2B/3B,Angel Genao (44213639),Angel Genao,44213639,2B/3B,2900,ATH@CLE 09/20/2026 01:40PM ET,CLE,4.69
,,,,,,,,,,,2B/3B,Joshua Kuroda-Grauer (44213791),Joshua Kuroda-Grauer,44213791,2B/3B,2900,ATH@CLE 09/20/2026 01:40PM ET,ATH,7.75
,,,,,,,,,,,SS,Ezequiel Tovar (44213636),Ezequiel Tovar,44213636,SS,2900,SEA@COL 09/20/2026 03:10PM ET,COL,5.02
,,,,,,,,,,,2B/3B,Will Wilson (44213788),Will Wilson,44213788,2B/3B,2900,SEA@COL 09/20/2026 03:10PM ET,SEA,9
,,,,,,,,,,,OF,Andrew McCutchen (44213786),Andrew McCutchen,44213786,OF,2900,ATL@HOU 09/20/2026 02:10PM ET,ATL,2.62
,,,,,,,,,,,2B/OF,Tyler Tolbert (44213641),Tyler Tolbert,44213641,2B/OF,2900,KC@PIT 09/20/2026 01:35PM ET,KC,4.58
,,,,,,,,,,,2B/OF,Jose Tena (44213632),Jose Tena,44213632,2B/OF,2900,WSH@STL 09/20/2026 02:15PM ET,WSH,4.10
,,,,,,,,,,,SS,Masyn Winn (44213634),Masyn Winn,44213634,SS,2900,WSH@STL 09/20/2026 02:15PM ET,STL,5.95
,,,,,,,,,,,1B,Jared Young (44213793),Jared Young,44213793,1B,2900,PHI@NYM 09/20/2026 01:10PM ET,NYM,5.85
,,,,,,,,,,,OF,Evan Carter (44213646),Evan Carter,44213646,OF,2800,TOR@TEX 09/20/2026 02:35PM ET,TEX,5.02
,,,,,,,,,,,OF,Nathan Lukes (44213656),Nathan Lukes,44213656,OF,2800,TOR@TEX 09/20/2026 02:35PM ET,TOR,5.36
,,,,,,,,,,,SS,Andruw Monasterio (44213651),Andruw Monasterio,44213651,SS,2800,BOS@TB 09/20/2026 01:40PM ET,BOS,5.25
,,,,,,,,,,,OF,Masataka Yoshida (44213798),Masataka Yoshida,44213798,OF,2800,BOS@TB 09/20/2026 01:40PM ET,BOS,5.56
,,,,,,,,,,,1B,Colt Keith (44213644),Colt Keith,44213644,1B,2800,DET@CWS 09/20/2026 02:10PM ET,DET,5.02
,,,,,,,,,,,OF,Brenton Doyle (44213645),Brenton Doyle,44213645,OF,2800,DET@CWS 09/20/2026 02:10PM ET,CWS,4.32
,,,,,,,,,,,2B/SS,Donovan Walton (44213649),Donovan Walton,44213649,2B/SS,2800,ATH@CLE 09/20/2026 01:40PM ET,ATH,5.52
,,,,,,,,,,,1B,Kyle Manzardo (44213796),Kyle Manzardo,44213796,1B,2800,ATH@CLE 09/20/2026 01:40PM ET,CLE,5.48
,,,,,,,,,,,C,Braxton Fulford (44213655),Braxton Fulford,44213655,C,2800,SEA@COL 09/20/2026 03:10PM ET,COL,2.89
,,,,,,,,,,,2B,Ryan Bliss (44213797),Ryan Bliss,44213797,2B,2800,SEA@COL 09/20/2026 03:10PM ET,SEA,2.33
,,,,,,,,,,,OF,Brewer Hicklen (44213654),Brewer Hicklen,44213654,OF,2800,ATL@HOU 09/20/2026 02:10PM ET,ATL,4.56
,,,,,,,,,,,3B/OF,Nick Loftin (44213652),Nick Loftin,44213652,3B/OF,2800,KC@PIT 09/20/2026 01:35PM ET,KC,5.59
,,,,,,,,,,,3B/SS,Jared Triolo (44213657),Jared Triolo,44213657,3B/SS,2800,KC@PIT 09/20/2026 01:35PM ET,PIT,4.49
,,,,,,,,,,,2B/3B,Jose Fermin (44213647),Jose Fermin,44213647,2B/3B,2800,WSH@STL 09/20/2026 02:15PM ET,STL,4.94
,,,,,,,,,,,OF,Everson Pereira (44213795),Everson Pereira,44213795,OF,2800,WSH@STL 09/20/2026 02:15PM ET,STL,4.87
,,,,,,,,,,,2B/OF,Charles McAdoo (44213669),Charles McAdoo,44213669,2B/OF,2700,TOR@TEX 09/20/2026 02:35PM ET,TOR,4.41
,,,,,,,,,,,OF,Yohendrick Pinango (44213805),Yohendrick Pinango,44213805,OF,2700,TOR@TEX 09/20/2026 02:35PM ET,TOR,4.64
,,,,,,,,,,,2B/SS,Carson Williams (44213803),Carson Williams,44213803,2B/SS,2700,BOS@TB 09/20/2026 01:40PM ET,TB,3.19
,,,,,,,,,,,SS,John Peck (44213659),John Peck,44213659,SS,2700,DET@CWS 09/20/2026 02:10PM ET,DET,5
,,,,,,,,,,,C,Joey Bart (44213801),Joey Bart,44213801,C,2700,DET@CWS 09/20/2026 02:10PM ET,CWS,4.32
,,,,,,,,,,,SS,Trey Sweeney (44213806),Trey Sweeney,44213806,SS,2700,DET@CWS 09/20/2026 02:10PM ET,DET,0
,,,,,,,,,,,C,Jonah Heim (44213660),Jonah Heim,44213660,C,2700,ATH@CLE 09/20/2026 01:40PM ET,ATH,5.42
,,,,,,,,,,,C,Austin Hedges (44213662),Austin Hedges,44213662,C,2700,ATH@CLE 09/20/2026 01:40PM ET,CLE,4.47
,,,,,,,,,,,1B/OF,Dominic Smith (44213665),Dominic Smith,44213665,1B/OF,2700,ATL@HOU 09/20/2026 02:10PM ET,ATL,4.65
,,,,,,,,,,,2B/3B,Raynel Delgado (44213799),Raynel Delgado,44213799,2B/3B,2700,ATL@HOU 09/20/2026 02:10PM ET,HOU,3.05
,,,,,,,,,,,OF,Lane Thomas (44213802),Lane Thomas,44213802,OF,2700,ATL@HOU 09/20/2026 02:10PM ET,ATL,5.30
,,,,,,,,,,,OF,Nathan Church (44213661),Nathan Church,44213661,OF,2700,WSH@STL 09/20/2026 02:15PM ET,STL,5.49
,,,,,,,,,,,1B/2B,Brett Baty (44213663),Brett Baty,44213663,1B/2B,2700,PHI@NYM 09/20/2026 01:10PM ET,NYM,5.26
,,,,,,,,,,,3B/OF,Edmundo Sosa (44213667),Edmundo Sosa,44213667,3B/OF,2700,PHI@NYM 09/20/2026 01:10PM ET,PHI,5.44
,,,,,,,,,,,3B,Cody Freeman (44213679),Cody Freeman,44213679,3B,2600,TOR@TEX 09/20/2026 02:35PM ET,TEX,3.82
,,,,,,,,,,,C,Miguel Amaya (44213673),Miguel Amaya,44213673,C,2600,CHC@CIN 09/20/2026 01:40PM ET,CHC,4.99
,,,,,,,,,,,C,Nick Fortes (44213672),Nick Fortes,44213672,C,2600,BOS@TB 09/20/2026 01:40PM ET,TB,4.48
,,,,,,,,,,,OF,Brooks Baldwin (44213810),Brooks Baldwin,44213810,OF,2600,DET@CWS 09/20/2026 02:10PM ET,CWS,0
,,,,,,,,,,,OF,Carlos Cortes (44213676),Carlos Cortes,44213676,OF,2600,ATH@CLE 09/20/2026 01:40PM ET,ATH,4.81
,,,,,,,,,,,C,Patrick Bailey (44213677),Patrick Bailey,44213677,C,2600,ATH@CLE 09/20/2026 01:40PM ET,CLE,4.29
,,,,,,,,,,,OF,Taylor Trammell (44213671),Taylor Trammell,44213671,OF,2600,ATL@HOU 09/20/2026 02:10PM ET,HOU,4.45
,,,,,,,,,,,OF,Joey Loperfido (44213809),Joey Loperfido,44213809,OF,2600,ATL@HOU 09/20/2026 02:10PM ET,HOU,4.3
,,,,,,,,,,,OF,Isaac Collins (44213678),Isaac Collins,44213678,OF,2600,KC@PIT 09/20/2026 01:35PM ET,KC,5.24
,,,,,,,,,,,C,Henry Davis (44213680),Henry Davis,44213680,C,2600,KC@PIT 09/20/2026 01:35PM ET,PIT,4.58
,,,,,,,,,,,OF,Marcell Ozuna (44213808),Marcell Ozuna,44213808,OF,2600,KC@PIT 09/20/2026 01:35PM ET,PIT,5.47
,,,,,,,,,,,1B,Abimelec Ortiz (44213674),Abimelec Ortiz,44213674,1B,2600,WSH@STL 09/20/2026 02:15PM ET,WSH,4.72
,,,,,,,,,,,3B,Blaze Jordan (44213807),Blaze Jordan,44213807,3B,2600,WSH@STL 09/20/2026 02:15PM ET,STL,5.19
,,,,,,,,,,,OF,Justin Crawford (44213675),Justin Crawford,44213675,OF,2600,PHI@NYM 09/20/2026 01:10PM ET,PHI,5.01
,,,,,,,,,,,OF,Myles Straw (44213693),Myles Straw,44213693,OF,2500,TOR@TEX 09/20/2026 02:35PM ET,TOR,3.47
,,,,,,,,,,,C,Kyle Higashioka (44213812),Kyle Higashioka,44213812,C,2500,TOR@TEX 09/20/2026 02:35PM ET,TEX,4.88
,,,,,,,,,,,C,Jose Trevino (44213690),Jose Trevino,44213690,C,2500,CHC@CIN 09/20/2026 01:40PM ET,CIN,3.94
,,,,,,,,,,,OF,Eli White (44213816),Eli White,44213816,OF,2500,BOS@TB 09/20/2026 01:40PM ET,BOS,3.94
,,,,,,,,,,,2B/3B,Nick Madrigal (44213817),Nick Madrigal,44213817,2B/3B,2500,BOS@TB 09/20/2026 01:40PM ET,TB,4.84
,,,,,,,,,,,2B/OF,Javier Baez (44213681),Javier Baez,44213681,2B/OF,2500,DET@CWS 09/20/2026 02:10PM ET,DET,4.87
,,,,,,,,,,,C,Brian Serven (44213683),Brian Serven,44213683,C,2500,ATH@CLE 09/20/2026 01:40PM ET,ATH,5.04
,,,,,,,,,,,1B/OF,David Fry (44213686),David Fry,44213686,1B/OF,2500,ATH@CLE 09/20/2026 01:40PM ET,CLE,3.34
,,,,,,,,,,,3B/SS,Darell Hernaiz (44213813),Darell Hernaiz,44213813,3B/SS,2500,ATH@CLE 09/20/2026 01:40PM ET,ATH,3.61
,,,,,,,,,,,C,Willie MacIver (44213811),Willie MacIver,44213811,C,2500,SEA@COL 09/20/2026 03:10PM ET,SEA,0
,,,,,,,,,,,3B,Vimael Machin (44213815),Vimael Machin,44213815,3B,2500,SEA@COL 09/20/2026 03:10PM ET,COL,3
,,,,,,,,,,,C,Sean Murphy (44213692),Sean Murphy,44213692,C,2500,ATL@HOU 09/20/2026 02:10PM ET,ATL,5
,,,,,,,,,,,3B/SS,Jacob Gonzalez (44213688),Jacob Gonzalez,44213688,3B/SS,2500,KC@PIT 09/20/2026 01:35PM ET,PIT,4.30
,,,,,,,,,,,OF,Kyle Isbel (44213691),Kyle Isbel,44213691,OF,2500,KC@PIT 09/20/2026 01:35PM ET,KC,4.51
,,,,,,,,,,,3B,Nolan Gorman (44213684),Nolan Gorman,44213684,3B,2500,WSH@STL 09/20/2026 02:15PM ET,STL,4.87
,,,,,,,,,,,2B,Jorbit Vivas (44213685),Jorbit Vivas,44213685,2B,2500,WSH@STL 09/20/2026 02:15PM ET,WSH,4.25
,,,,,,,,,,,C,Elias Diaz (44213697),Elias Diaz,44213697,C,2400,TOR@TEX 09/20/2026 02:35PM ET,TEX,4.20
,,,,,,,,,,,2B/OF,Josh Smith (44213704),Josh Smith,44213704,2B/OF,2400,TOR@TEX 09/20/2026 02:35PM ET,TOR,4.53
,,,,,,,,,,,2B,Luis Urias (44213825),Luis Urias,44213825,2B,2400,TOR@TEX 09/20/2026 02:35PM ET,TOR,4
,,,,,,,,,,,OF,Carlos Jorge (44213703),Carlos Jorge,44213703,OF,2400,CHC@CIN 09/20/2026 01:40PM ET,CIN,2.46
,,,,,,,,,,,OF,Ivan Johnson (44213824),Ivan Johnson,44213824,OF,2400,CHC@CIN 09/20/2026 01:40PM ET,CIN,1.19
,,,,,,,,,,,OF,Nate Eaton (44213699),Nate Eaton,44213699,OF,2400,BOS@TB 09/20/2026 01:40PM ET,BOS,3.67
,,,,,,,,,,,OF,Zach McKinstry (44213694),Zach McKinstry,44213694,OF,2400,DET@CWS 09/20/2026 02:10PM ET,DET,4.35
,,,,,,,,,,,OF,Tommy Pham (44213702),Tommy Pham,44213702,OF,2400,DET@CWS 09/20/2026 02:10PM ET,CWS,2.38
,,,,,,,,,,,C,Edgar Quero (44213823),Edgar Quero,44213823,C,2400,DET@CWS 09/20/2026 02:10PM ET,CWS,3.68
,,,,,,,,,,,2B,Michael Stefanic (44213700),Michael Stefanic,44213700,2B,2400,ATH@CLE 09/20/2026 01:40PM ET,ATH,2.64
,,,,,,,,,,,1B/3B,Patrick Wisdom (44213821),Patrick Wisdom,44213821,1B/3B,2400,SEA@COL 09/20/2026 03:10PM ET,SEA,2.32
,,,,,,,,,,,1B/OF,LaMonte Wade Jr. (44213695),LaMonte Wade Jr.,44213695,1B/OF,2400,ATL@HOU 09/20/2026 02:10PM ET,HOU,4.26
,,,,,,,,,,,OF,Brice Matthews (44213820),Brice Matthews,44213820,OF,2400,ATL@HOU 09/20/2026 02:10PM ET,HOU,3.99
,,,,,,,,,,,C,Drew Millas (44213819),Drew Millas,44213819,C,2400,WSH@STL 09/20/2026 02:15PM ET,WSH,3.72
,,,,,,,,,,,OF,Derek Hill (44213698),Derek Hill,44213698,OF,2400,PHI@NYM 09/20/2026 01:10PM ET,PHI,4.03
,,,,,,,,,,,C,Luis Torrens (44213701),Luis Torrens,44213701,C,2400,PHI@NYM 09/20/2026 01:10PM ET,NYM,5.21
,,,,,,,,,,,OF,Alejandro Osuna (44213712),Alejandro Osuna,44213712,OF,2300,TOR@TEX 09/20/2026 02:35PM ET,TEX,4.34
,,,,,,,,,,,OF,Jonatan Clase (44213828),Jonatan Clase,44213828,OF,2300,TOR@TEX 09/20/2026 02:35PM ET,TOR,6.44
,,,,,,,,,,,C,Logan O'Hoppe (44213829),Logan O'Hoppe,44213829,C,2300,TOR@TEX 09/20/2026 02:35PM ET,TEX,4.11
,,,,,,,,,,,2B/3B,Gabriel Arias (44213709),Gabriel Arias,44213709,2B/3B,2300,CHC@CIN 09/20/2026 01:40PM ET,CHC,4.66
,,,,,,,,,,,OF,TJ Friedl (44213713),TJ Friedl,44213713,OF,2300,CHC@CIN 09/20/2026 01:40PM ET,CIN,3.44
,,,,,,,,,,,2B/SS,Isiah Kiner-Falefa (44213706),Isiah Kiner-Falefa,44213706,2B/SS,2300,BOS@TB 09/20/2026 01:40PM ET,BOS,4.68
,,,,,,,,,,,C,Jake Rogers (44213716),Jake Rogers,44213716,C,2300,DET@CWS 09/20/2026 02:10PM ET,CWS,3.75
,,,,,,,,,,,OF,Kahlil Watson (44213827),Kahlil Watson,44213827,OF,2300,ATH@CLE 09/20/2026 01:40PM ET,CLE,6.18
,,,,,,,,,,,3B/SS,Leo Rivas (44213830),Leo Rivas,44213830,3B/SS,2300,SEA@COL 09/20/2026 03:10PM ET,SEA,3.12
,,,,,,,,,,,OF,Nelson Velazquez (44213708),Nelson Velazquez,44213708,OF,2300,ATL@HOU 09/20/2026 02:10PM ET,HOU,3.85
,,,,,,,,,,,OF,Mike Yastrzemski (44213715),Mike Yastrzemski,44213715,OF,2300,ATL@HOU 09/20/2026 02:10PM ET,ATL,4.64
,,,,,,,,,,,3B,Josh Rojas (44213714),Josh Rojas,44213714,3B,2300,KC@PIT 09/20/2026 01:35PM ET,KC,3.80
,,,,,,,,,,,OF,Andrew Pinckney (44213826),Andrew Pinckney,44213826,OF,2300,WSH@STL 09/20/2026 02:15PM ET,WSH,3.65
,,,,,,,,,,,C,Rafael Marchan (44213711),Rafael Marchan,44213711,C,2300,PHI@NYM 09/20/2026 01:10PM ET,PHI,2.09
,,,,,,,,,,,SS,Ronny Mauricio (44213717),Ronny Mauricio,44213717,SS,2300,PHI@NYM 09/20/2026 01:10PM ET,NYM,3
,,,,,,,,,,,1B,Sean Keys (44213726),Sean Keys,44213726,1B,2200,TOR@TEX 09/20/2026 02:35PM ET,TOR,3.95
,,,,,,,,,,,3B,Ke'Bryan Hayes (44213725),Ke'Bryan Hayes,44213725,3B,2200,CHC@CIN 09/20/2026 01:40PM ET,CIN,2.62
,,,,,,,,,,,OF,Jahmai Jones (44213718),Jahmai Jones,44213718,OF,2200,BOS@TB 09/20/2026 01:40PM ET,BOS,3.11
,,,,,,,,,,,OF,Ben Malgeri (44213719),Ben Malgeri,44213719,OF,2200,DET@CWS 09/20/2026 02:10PM ET,DET,4.11
,,,,,,,,,,,1B/3B,Tommy White (44213721),Tommy White,44213721,1B/3B,2200,ATH@CLE 09/20/2026 01:40PM ET,ATH,4.57
,,,,,,,,,,,OF,Petey Halpin (44213724),Petey Halpin,44213724,OF,2200,ATH@CLE 09/20/2026 01:40PM ET,CLE,3.95
,,,,,,,,,,,C,Christian Vazquez (44213720),Christian Vazquez,44213720,C,2200,ATL@HOU 09/20/2026 02:10PM ET,HOU,4.06
,,,,,,,,,,,SS,Jim Jarvis (44213834),Jim Jarvis,44213834,SS,2200,ATL@HOU 09/20/2026 02:10PM ET,ATL,3.97
,,,,,,,,,,,1B/OF,Tyler Callihan (44213832),Tyler Callihan,44213832,1B/OF,2200,KC@PIT 09/20/2026 01:35PM ET,PIT,4.5
,,,,,,,,,,,OF,Victor Scott II (44213723),Victor Scott II,44213723,OF,2200,WSH@STL 09/20/2026 02:15PM ET,STL,3.40
,,,,,,,,,,,OF,Kameron Misner (44213835),Kameron Misner,44213835,OF,2200,PHI@NYM 09/20/2026 01:10PM ET,PHI,3.33
,,,,,,,,,,,2B,Nicky Lopez (44213730),Nicky Lopez,44213730,2B,2100,TOR@TEX 09/20/2026 02:35PM ET,TEX,3.88
,,,,,,,,,,,OF,Michael Helman (44213836),Michael Helman,44213836,OF,2100,TOR@TEX 09/20/2026 02:35PM ET,TEX,2.53
,,,,,,,,,,,OF,Anthony Santander (44213839),Anthony Santander,44213839,OF,2100,TOR@TEX 09/20/2026 02:35PM ET,TOR,0
,,,,,,,,,,,3B,Oswaldo Cabrera (44213837),Oswaldo Cabrera,44213837,3B,2100,CHC@CIN 09/20/2026 01:40PM ET,CIN,0
,,,,,,,,,,,OF,Jacob Melton (44213841),Jacob Melton,44213841,OF,2100,BOS@TB 09/20/2026 01:40PM ET,TB,0
,,,,,,,,,,,OF,Brett Callahan (44213729),Brett Callahan,44213729,OF,2100,DET@CWS 09/20/2026 02:10PM ET,DET,3.37
,,,,,,,,,,,SS,Luisangel Acuna (44213731),Luisangel Acuna,44213731,SS,2100,DET@CWS 09/20/2026 02:10PM ET,CWS,3.27
,,,,,,,,,,,SS,Alika Williams (44213732),Alika Williams,44213732,SS,2100,ATH@CLE 09/20/2026 01:40PM ET,ATH,4.07
,,,,,,,,,,,2B/SS,Nick Allen (44213727),Nick Allen,44213727,2B/SS,2100,ATL@HOU 09/20/2026 02:10PM ET,HOU,2.88
,,,,,,,,,,,SS,Ha-Seong Kim (44213736),Ha-Seong Kim,44213736,SS,2100,ATL@HOU 09/20/2026 02:10PM ET,ATL,2.52
,,,,,,,,,,,OF,Zach Cole (44213840),Zach Cole,44213840,OF,2100,ATL@HOU 09/20/2026 02:10PM ET,HOU,3.95
,,,,,,,,,,,C,Luke Maile (44213733),Luke Maile,44213733,C,2100,KC@PIT 09/20/2026 01:35PM ET,KC,3.06
,,,,,,,,,,,OF,Billy Cook (44213735),Billy Cook,44213735,OF,2100,KC@PIT 09/20/2026 01:35PM ET,PIT,1.16
,,,,,,,,,,,OF,Robert Hassell III (44213838),Robert Hassell III,44213838,OF,2100,KC@PIT 09/20/2026 01:35PM ET,PIT,0
,,,,,,,,,,,C,Pedro Pages (44213737),Pedro Pages,44213737,C,2100,WSH@STL 09/20/2026 02:15PM ET,STL,3.05
,,,,,,,,,,,OF,Nick Morabito (44213734),Nick Morabito,44213734,OF,2100,PHI@NYM 09/20/2026 01:10PM ET,NYM,3.27
,,,,,,,,,,,C,Garrett Stubbs (44213738),Garrett Stubbs,44213738,C,2100,PHI@NYM 09/20/2026 01:10PM ET,PHI,1.75
,,,,,,,,,,,2B/OF,Davis Schneider (44213744),Davis Schneider,44213744,2B/OF,2000,TOR@TEX 09/20/2026 02:35PM ET,TOR,3.23
,,,,,,,,,,,C,Shawn Ross (44213859),Shawn Ross,44213859,C,2000,TOR@TEX 09/20/2026 02:35PM ET,TOR,8
,,,,,,,,,,,1B/3B,Juan Yepez (44213860),Juan Yepez,44213860,1B/3B,2000,TOR@TEX 09/20/2026 02:35PM ET,TOR,0
,,,,,,,,,,,OF,Rudy Martin Jr. (44213863),Rudy Martin Jr.,44213863,OF,2000,TOR@TEX 09/20/2026 02:35PM ET,TOR,1
,,,,,,,,,,,2B/OF,Cam Cauley (44213905),Cam Cauley,44213905,2B/OF,2000,TOR@TEX 09/20/2026 02:35PM ET,TEX,2.74
,,,,,,,,,,,C,Will Banfield (44213752),Will Banfield,44213752,C,2000,CHC@CIN 09/20/2026 01:40PM ET,CIN,1.25
,,,,,,,,,,,OF,Kevin Alcantara (44213842),Kevin Alcantara,44213842,OF,2000,CHC@CIN 09/20/2026 01:40PM ET,CHC,2.21
,,,,,,,,,,,OF,Justin Dean (44213843),Justin Dean,44213843,OF,2000,CHC@CIN 09/20/2026 01:40PM ET,CHC,2.06
,,,,,,,,,,,OF,Sam Haggerty (44213845),Sam Haggerty,44213845,OF,2000,CHC@CIN 09/20/2026 01:40PM ET,CIN,1.31
,,,,,,,,,,,SS,Leo Balcazar (44213855),Leo Balcazar,44213855,SS,2000,CHC@CIN 09/20/2026 01:40PM ET,CIN,0
,,,,,,,,,,,1B/OF,Tyler Austin (44213856),Tyler Austin,44213856,1B/OF,2000,CHC@CIN 09/20/2026 01:40PM ET,CHC,0
,,,,,,,,,,,1B/OF,Michael Toglia (44213893),Michael Toglia,44213893,1B/OF,2000,CHC@CIN 09/20/2026 01:40PM ET,CIN,2.3
,,,,,,,,,,,2B/3B,Edwin Arroyo (44213896),Edwin Arroyo,44213896,2B/3B,2000,CHC@CIN 09/20/2026 01:40PM ET,CIN,3.46
,,,,,,,,,,,1B,BJ Murray Jr. (44213900),BJ Murray Jr.,44213900,1B,2000,CHC@CIN 09/20/2026 01:40PM ET,CHC,0.43
,,,,,,,,,,,2B/3B,James Triantos (44213918),James Triantos,44213918,2B/3B,2000,CHC@CIN 09/20/2026 01:40PM ET,CHC,1.29
,,,,,,,,,,,C,Connor Wong (44213741),Connor Wong,44213741,C,2000,BOS@TB 09/20/2026 01:40PM ET,BOS,4.69
,,,,,,,,,,,2B/SS,Jadher Areinamo (44213852),Jadher Areinamo,44213852,2B/SS,2000,BOS@TB 09/20/2026 01:40PM ET,TB,0
,,,,,,,,,,,1B,Triston Casas (44213869),Triston Casas,44213869,1B,2000,BOS@TB 09/20/2026 01:40PM ET,BOS,0
,,,,,,,,,,,2B,Kristian Campbell (44213874),Kristian Campbell,44213874,2B,2000,BOS@TB 09/20/2026 01:40PM ET,BOS,0
,,,,,,,,,,,SS,Tsung-Che Cheng (44213892),Tsung-Che Cheng,44213892,SS,2000,BOS@TB 09/20/2026 01:40PM ET,BOS,4.57
,,,,,,,,,,,C,Thayron Liranzo (44213858),Thayron Liranzo,44213858,C,2000,DET@CWS 09/20/2026 02:10PM ET,DET,0
,,,,,,,,,,,C,Drew Romo (44213885),Drew Romo,44213885,C,2000,DET@CWS 09/20/2026 02:10PM ET,CWS,4.18
,,,,,,,,,,,OF,Corey Julks (44213898),Corey Julks,44213898,OF,2000,DET@CWS 09/20/2026 02:10PM ET,DET,2.5
,,,,,,,,,,,3B/OF,Tanner Murray (44213901),Tanner Murray,44213901,3B/OF,2000,DET@CWS 09/20/2026 02:10PM ET,CWS,3.15
,,,,,,,,,,,OF,Junior Perez (44213907),Junior Perez,44213907,OF,2000,DET@CWS 09/20/2026 02:10PM ET,CWS,2.86
,,,,,,,,,,,OF,Rikuu Nishida (44213908),Rikuu Nishida,44213908,OF,2000,DET@CWS 09/20/2026 02:10PM ET,CWS,2.58
,,,,,,,,,,,3B,Jace Jung (44213915),Jace Jung,44213915,3B,2000,DET@CWS 09/20/2026 02:10PM ET,DET,3
,,,,,,,,,,,OF,Denzel Clarke (44213740),Denzel Clarke,44213740,OF,2000,ATH@CLE 09/20/2026 01:40PM ET,ATH,2.82
,,,,,,,,,,,3B/OF,Daniel Schneemann (44213742),Daniel Schneemann,44213742,3B/OF,2000,ATH@CLE 09/20/2026 01:40PM ET,CLE,4.63
,,,,,,,,,,,OF,Tyler Soderstrom (44213864),Tyler Soderstrom,44213864,OF,2000,ATH@CLE 09/20/2026 01:40PM ET,ATH,7.69
,,,,,,,,,,,1B,Nick Kurtz (44213865),Nick Kurtz,44213865,1B,2000,ATH@CLE 09/20/2026 01:40PM ET,ATH,9.22
,,,,,,,,,,,SS,Jacob Wilson (44213867),Jacob Wilson,44213867,SS,2000,ATH@CLE 09/20/2026 01:40PM ET,ATH,6.74
,,,,,,,,,,,OF,Brent Rooker (44213868),Brent Rooker,44213868,OF,2000,ATH@CLE 09/20/2026 01:40PM ET,ATH,7
,,,,,,,,,,,OF,Cooper Ingle (44213878),Cooper Ingle,44213878,OF,2000,ATH@CLE 09/20/2026 01:40PM ET,CLE,2.57
,,,,,,,,,,,1B/OF,CJ Kayfus (44213879),CJ Kayfus,44213879,1B/OF,2000,ATH@CLE 09/20/2026 01:40PM ET,CLE,4.33
,,,,,,,,,,,OF,Blake Perkins (44213888),Blake Perkins,44213888,OF,2000,ATH@CLE 09/20/2026 01:40PM ET,CLE,2.69
,,,,,,,,,,,OF,Johnathan Rodriguez (44213913),Johnathan Rodriguez,44213913,OF,2000,ATH@CLE 09/20/2026 01:40PM ET,ATH,2.57
,,,,,,,,,,,2B/OF,Jonathan Ornelas (44213916),Jonathan Ornelas,44213916,2B/OF,2000,ATH@CLE 09/20/2026 01:40PM ET,ATH,2
,,,,,,,,,,,OF,Brennen Davis (44213854),Brennen Davis,44213854,OF,2000,SEA@COL 09/20/2026 03:10PM ET,SEA,0
,,,,,,,,,,,3B/OF,Kris Bryant (44213871),Kris Bryant,44213871,3B/OF,2000,SEA@COL 09/20/2026 03:10PM ET,COL,0
,,,,,,,,,,,2B/3B,Chad Stevens (44213876),Chad Stevens,44213876,2B/3B,2000,SEA@COL 09/20/2026 03:10PM ET,COL,1.31
,,,,,,,,,,,2B/SS,Ryan Ritter (44213886),Ryan Ritter,44213886,2B/SS,2000,SEA@COL 09/20/2026 03:10PM ET,COL,1.06
,,,,,,,,,,,OF,Rob Refsnyder (44213889),Rob Refsnyder,44213889,OF,2000,SEA@COL 09/20/2026 03:10PM ET,SEA,2.64
,,,,,,,,,,,3B,Buddy Kennedy (44213899),Buddy Kennedy,44213899,3B,2000,SEA@COL 09/20/2026 03:10PM ET,SEA,1.56
,,,,,,,,,,,OF,Jorge Barrosa (44213739),Jorge Barrosa,44213739,OF,2000,ATL@HOU 09/20/2026 02:10PM ET,HOU,2.57
,,,,,,,,,,,OF,DaShawn Keirsey Jr. (44213748),DaShawn Keirsey Jr.,44213748,OF,2000,ATL@HOU 09/20/2026 02:10PM ET,ATL,3.5
,,,,,,,,,,,1B/3B,Kyle Farmer (44213749),Kyle Farmer,44213749,1B/3B,2000,ATL@HOU 09/20/2026 02:10PM ET,ATL,1.85
,,,,,,,,,,,OF,Ben Gamel (44213851),Ben Gamel,44213851,OF,2000,ATL@HOU 09/20/2026 02:10PM ET,ATL,0
,,,,,,,,,,,OF,Jurickson Profar (44213866),Jurickson Profar,44213866,OF,2000,ATL@HOU 09/20/2026 02:10PM ET,ATL,0
,,,,,,,,,,,OF,Zach Dezenzo (44213881),Zach Dezenzo,44213881,OF,2000,ATL@HOU 09/20/2026 02:10PM ET,HOU,3.14
,,,,,,,,,,,OF,Lucas Spence (44213883),Lucas Spence,44213883,OF,2000,ATL@HOU 09/20/2026 02:10PM ET,HOU,3
,,,,,,,,,,,OF,Jake Meyers (44213890),Jake Meyers,44213890,OF,2000,ATL@HOU 09/20/2026 02:10PM ET,HOU,3.53
,,,,,,,,,,,C,Collin Price (44213891),Collin Price,44213891,C,2000,ATL@HOU 09/20/2026 02:10PM ET,HOU,1.71
,,,,,,,,,,,1B/3B,Nick Yorke (44213846),Nick Yorke,44213846,1B/3B,2000,KC@PIT 09/20/2026 01:35PM ET,PIT,3.65
,,,,,,,,,,,3B,Brandon Drury (44213850),Brandon Drury,44213850,3B,2000,KC@PIT 09/20/2026 01:35PM ET,KC,0
,,,,,,,,,,,OF,Matthew Lugo (44213882),Matthew Lugo,44213882,OF,2000,KC@PIT 09/20/2026 01:35PM ET,KC,0.89
,,,,,,,,,,,OF,Jhostynxon Garcia (44213895),Jhostynxon Garcia,44213895,OF,2000,KC@PIT 09/20/2026 01:35PM ET,PIT,1.9
,,,,,,,,,,,SS,Jack Brannigan (44213914),Jack Brannigan,44213914,SS,2000,KC@PIT 09/20/2026 01:35PM ET,PIT,0
,,,,,,,,,,,3B,Cesar Prieto (44213751),Cesar Prieto,44213751,3B,2000,WSH@STL 09/20/2026 02:15PM ET,STL,0.8
,,,,,,,,,,,C,Jimmy Crooks (44213844),Jimmy Crooks,44213844,C,2000,WSH@STL 09/20/2026 02:15PM ET,STL,3.75
,,,,,,,,,,,1B,Christopher Morel (44213746),Christopher Morel,44213746,1B,2000,PHI@NYM 09/20/2026 01:10PM ET,NYM,3.21
,,,,,,,,,,,OF,Cristian Pache (44213747),Cristian Pache,44213747,OF,2000,PHI@NYM 09/20/2026 01:10PM ET,NYM,0.5
,,,,,,,,,,,2B/3B,Christian Arroyo (44213848),Christian Arroyo,44213848,2B/3B,2000,PHI@NYM 09/20/2026 01:10PM ET,NYM,0
,,,,,,,,,,,SS,Christian Cairo (44213862),Christian Cairo,44213862,SS,2000,PHI@NYM 09/20/2026 01:10PM ET,NYM,0
,,,,,,,,,,,OF,Adolis Garcia (44213870),Adolis Garcia,44213870,OF,2000,PHI@NYM 09/20/2026 01:10PM ET,PHI,5.24
,,,,,,,,,,,OF,Johan Rojas (44213873),Johan Rojas,44213873,OF,2000,PHI@NYM 09/20/2026 01:10PM ET,PHI,0
,,,,,,,,,,,OF,Colby Thomas (44213875),Colby Thomas,44213875,OF,2000,PHI@NYM 09/20/2026 01:10PM ET,PHI,2.94
,,,,,,,,,,,OF,Gabriel Rincones Jr. (44213884),Gabriel Rincones Jr.,44213884,OF,2000,PHI@NYM 09/20/2026 01:10PM ET,PHI,3.55
,,,,,,,,,,,1B,Eric Wagaman (44213903),Eric Wagaman,44213903,1B,2000,PHI@NYM 09/20/2026 01:10PM ET,NYM,2.73
,,,,,,,,,,,C,Hayden Senger (44213904),Hayden Senger,44213904,C,2000,PHI@NYM 09/20/2026 01:10PM ET,NYM,3
,,,,,,,,,,,2B/3B,Jorge Polanco (44213909),Jorge Polanco,44213909,2B/3B,2000,PHI@NYM 09/20/2026 01:10PM ET,NYM,3.46
,,,,,,,,,,,1B/OF,Felix Reyes (44213911),Felix Reyes,44213911,1B/OF,2000,PHI@NYM 09/20/2026 01:10PM ET,PHI,2.92
,,,,,,,,,,,1B/OF,Otto Kemp (44213920),Otto Kemp,44213920,1B/OF,2000,PHI@NYM 09/20/2026 01:10PM ET,PHI,0.77
